App Name,App Id,Category,Rating,Rating Count,Installs,Minimum Installs,Maximum Installs,Free,Price,Currency,Size,Minimum Android,Developer Id,Developer Website,Developer Email,Released,Last Updated,Content Rating,Privacy Policy,Ad Supported,In App Purchases,Editors Choice,Scraped Time
Garena Free Fire - Rampage,com.dts.freefireth,Action,4.2,89177097,"500,000,000+",500000000,976536041,TRUE,0,USD,Varies with device,4.1 and up,GARENA INTERNATIONAL I PRIVATE LIMITED,https://ff.garena.com,freefire@garena.com,7-Dec-17,4-Jun-21,Mature 17+,https://ff.garena.com/others/policy/en/,FALSE,TRUE,TRUE,6/16/2021 0:32
Temple Run 2,com.imangi.templerun2,Action,4.2,9649311,"500,000,000+",500000000,837218010,TRUE,0,USD,130M,4.4 and up,Imangi Studios,http://www.imangistudios.com/contact.html,support-tr2@imangistudios.com,23-Jan-13,8-Jun-21,Everyone,http://imangistudios.com/privacy/privacy-policy.htm,TRUE,TRUE,TRUE,6/16/2021 14:28
Sniper 3D: Fun Free Online FPS Shooting Game,com.fungames.sniper3d,Action,4.4,1285629,"500,000,000+",500000000,518325903,TRUE,0,USD,136M,4.4 and up,Fun Games For Free,https://wildlifestudios.com/,support+sniper3d@fungames-forfree.com,13-Nov-14,4-Jun-21,Mature 17+,https://www.fungames-forfree.com/games/sniper3d/legal/privacy,TRUE,TRUE,FALSE,6/15/2021 23:05
PUBG MOBILE - Traverse,com.tencent.ig,Action,4.3,37479011,"500,000,000+",500000000,505818718,TRUE,0,USD,Varies with device,Varies with device,PROXIMA BETA,,PUBGMOBILE_CS@tencentgames.com,19-Mar-18,10-May-21,Teen,http://pubgmobile.proximabeta.com/privacy.html,TRUE,TRUE,TRUE,6/15/2021 21:17
slither.io,air.com.hypah.io.slither,Action,4.1,6527424,"100,000,000+",100000000,487164438,TRUE,0,USD,Varies with device,2.3 and up,Lowtech Studios,http://slither.io,team@slither.io,25-Mar-16,20-Dec-19,Everyone,http://slither.io/privacyapp/,TRUE,TRUE,FALSE,6/16/2021 6:28
Roblox,com.roblox.client,Adventure,4.4,22148032,"100,000,000+",100000000,427633153,TRUE,0,USD,96M,4.4 and up,Roblox Corporation,http://www.roblox.com,info@roblox.com,15-Jul-14,10-Jun-21,Everyone 10+,http://www.roblox.com/info/Privacy.aspx,FALSE,TRUE,FALSE,6/16/2021 5:45
Pokémon GO,com.nianticlabs.pokemongo,Adventure,4.1,14562086,"100,000,000+",100000000,404699958,TRUE,0,USD,Varies with device,6.0 and up,"Niantic, Inc.",https://niantic.helpshift.com/a/pokemon-go/?p=web,pokemon-go-support@nianticlabs.com,6-Jul-16,11-Jun-21,Everyone,https://nianticlabs.com/privacy/pokemongo/en,FALSE,TRUE,TRUE,6/16/2021 9:03
Criminal Case,com.prettysimple.criminalcaseandroid,Adventure,4.5,4275556,"100,000,000+",100000000,163379217,TRUE,0,USD,Varies with device,4.1 and up,Pretty Simple,https://www.prettysimplegames.com/,help@prettysimplegames.com,15-Apr-15,3-Dec-20,Teen,http://www.prettysimplegames.com/about/privacy-policy/,TRUE,TRUE,FALSE,6/15/2021 20:44
FPS Commando Secret Mission - Free Shooting Games,com.sgs.antiterrorism.counterattack.commandomissiongame,Adventure,4,252165,"100,000,000+",100000000,130106307,TRUE,0,USD,30M,4.4 and up,Hazel Mobile Games,http://standardgamesstudio.com/,hazelmobilegames@gmail.com,9-Mar-20,29-May-21,Teen,https://sites.google.com/view/hazelmobilegames/home,TRUE,TRUE,FALSE,6/16/2021 11:31
Subway Surfers,com.kiloo.subwaysurf,Arcade,4.6,5304826,"1,000,000,000+",1000000000,1704495994,TRUE,0,USD,187M,4.4 and up,SYBO Games,https://sybogames.com/,subwaysurfers@sybo.zendesk.com,20-Sep-12,10-Jun-21,Everyone 10+,https://sybogames.com/privacy-policy/,TRUE,TRUE,TRUE,6/16/2021 9:00
Temple Run,com.imangi.templerun,Arcade,4.1,4831552,"500,000,000+",500000000,625467333,TRUE,0,USD,46M,4.4 and up,Imangi Studios,http://www.imangistudios.com/contact.html,support-tr@imangistudios.com,26-Mar-12,26-Apr-21,Everyone,http://imangistudios.com/privacy/privacy-policy.htm,TRUE,TRUE,FALSE,6/16/2021 12:01
Fruit Ninja®,com.halfbrick.fruitninjafree,Arcade,4.3,5371690,"500,000,000+",500000000,500306392,TRUE,0,USD,125M,4.4 and up,Halfbrick Studios,http://halfbrick.com,fruitninja@halfbrick.com,20-Jul-11,4-Jun-21,Everyone,http://www.halfbrick.com/pp,TRUE,TRUE,TRUE,6/16/2021 10:50
Zombie Tsunami,net.mobigame.zombietsunami,Arcade,4.4,5911794,"100,000,000+",100000000,395942266,TRUE,0,USD,67M,4.4 and up,Mobigame S.A.R.L.,http://www.mobigame.net,androidsupport.zombietsunami@mobigame.zendesk.com,10-Sep-13,13-Apr-21,Everyone 10+,http://mobigame.net/legal/privacy.html,TRUE,TRUE,FALSE,6/16/2021 7:56
"Canva: Graphic Design, Video Collage, Logo Maker",com.canva.editor,Art & Design,4.7,5213141,"100,000,000+",100000000,134619454,TRUE,0,USD,32M,5.0 and up,Canva,https://www.canva.com/,android-app@canva.com,27-Nov-17,16-Jun-21,Everyone,https://about.canva.com/privacy-policy/,FALSE,TRUE,TRUE,6/16/2021 7:17
PENUP - Share your drawings,com.sec.penup,Art & Design,4.5,110808,"100,000,000+",100000000,117455990,TRUE,0,USD,28M,6.0 and up,"Samsung Electronics Co.,  Ltd.",https://www.penup.com/intro,noreply.sec@samsung.com,7-Sep-13,18-May-21,Teen,https://account.samsung.com/membership/pp,FALSE,FALSE,FALSE,6/16/2021 5:47
ibis Paint X,jp.ne.ibis.ibispaintx.app,Art & Design,4.5,1577731,"100,000,000+",100000000,100950900,TRUE,0,USD,27M,4.1 and up,ibis inc.,https://ibispaint.com/,mob-paint-support@ibis.ne.jp,27-Feb-14,16-Jun-21,Everyone,https://ibispaint.com/privacy.jsp#policy,TRUE,TRUE,FALSE,6/16/2021 4:21
Glitter dress coloring and drawing book for Kids,com.redberry.glitterdressa2,Art & Design,4,1724,"10,000,000+",10000000,34406443,TRUE,0,USD,66M,5.0 and up,BaramGames,https://baramgames.com/,info@baramgames.com,20-Aug-19,27-May-21,Everyone,https://baramgames.com/privacy-policy/,TRUE,FALSE,FALSE,6/15/2021 22:23
Flipaclip: Cartoon Animation Creator & Art Studio,com.vblast.flipaclip,Art & Design,4.2,475419,"10,000,000+",10000000,32068539,TRUE,0,USD,71M,5.0 and up,Visual Blasters LLC,https://www.flipaclip.com,flipaclip@visualblasters.com,2-Apr-12,28-May-21,Everyone,http://www.visualblasters.com/flipaclip-privacy-policy.html,TRUE,TRUE,TRUE,6/16/2021 2:27
Android Auto,com.google.android.projection.gearhead,Auto & Vehicles,4.3,1824861,"1,000,000,000+",1000000000,1976625745,TRUE,0,USD,Varies with device,Varies with device,Google LLC,http://www.android.com/auto,android-auto-app@google.com,19-Mar-15,15-Jun-21,Teen,http://www.google.com/policies/privacy,FALSE,FALSE,FALSE,6/16/2021 3:11
AutoScout24: Buy & sell cars,com.autoscout24,Auto & Vehicles,4.5,289489,"10,000,000+",10000000,32747873,TRUE,0,USD,43M,5.0 and up,AutoScout24 GmbH,http://www.autoscout24.de,apps-de@autoscout24.com,7-Apr-15,10-Jun-21,Everyone,http://about.autoscout24.com/de-de/au-company/au-company-privacy.aspx,TRUE,FALSE,FALSE,6/16/2021 8:48
"maxim — order taxi, food and groceries delivery",com.taxsee.taxsee,Auto & Vehicles,4.8,977729,"10,000,000+",10000000,25948237,TRUE,0,USD,Varies with device,Varies with device,Taxi booking and delivery service,http://taximaximapp.com/,support@taximaxim.com,9-Jun-12,19-May-21,Everyone,https://taximaxim.com/ru/en/term/policy-client/,FALSE,FALSE,FALSE,6/16/2021 4:15
mobile.de – Germany‘s largest car market,de.mobile.android.app,Auto & Vehicles,4.6,140230,"10,000,000+",10000000,21481894,TRUE,0,USD,Varies with device,Varies with device,mobile.de GmbH,https://www.mobile.de,service@team.mobile.de,14-Apr-20,11-Jun-21,Everyone,https://www.mobile.de/service/privacyPolicy,TRUE,FALSE,FALSE,6/16/2021 10:23
Speed Camera Radar,com.lelic.speedcam,Auto & Vehicles,4.4,67363,"10,000,000+",10000000,14768857,TRUE,0,USD,13M,4.1 and up,Road Soft,http://radardetector.biz,lelic.dev@gmail.com,2-Nov-13,8-Apr-21,Everyone,http://radardetector.biz/privacy.html,TRUE,TRUE,FALSE,6/16/2021 12:13
Perfect365: One-Tap Makeover,com.arcsoft.perfect365,Beauty,4.3,780880,"50,000,000+",50000000,53849836,TRUE,0,USD,112M,5.0 and up,"Perfect365, Inc.",http://perfect365.com/,android@perfect365.com,19-Feb-13,7-Jun-21,Everyone,http://www.perfect365.com/about/privacy-policy/,TRUE,TRUE,FALSE,6/16/2021 11:30
Mirror Plus: Mirror with Light for Makeup & Beauty,mmapps.mirror.free,Beauty,4.3,387411,"10,000,000+",10000000,41505377,TRUE,0,USD,Varies with device,Varies with device,"Digitalchemy, LLC",https://www.digitalchemy.us/,mirrorplus@digitalchemy.us,8-Jan-12,26-Mar-21,Everyone,http://privacy.mmappsmobile.com/mmappsmobile/mirror/privacy-policy-en.pdf,TRUE,TRUE,FALSE,6/16/2021 3:47
"Beauty Makeup Editor: Beauty Camera, Photo Editor",com.lyrebirdstudio.beauty,Beauty,4.1,208916,"10,000,000+",10000000,32076828,TRUE,0,USD,Varies with device,Varies with device,Lyrebird Studio,https://lyrebirdstudio.net,lyrebirdstudio@gmail.com,20-Jan-16,1-Nov-20,Everyone,http://lyrebirdstudio.net/privacy.txt,TRUE,TRUE,FALSE,6/16/2021 3:05
Beauty Camera - Selfie Camera,com.northpark.beautycamera,Beauty,4.1,117171,"10,000,000+",10000000,23919811,TRUE,0,USD,Varies with device,Varies with device,Photo Editor & Collage Maker,http://photoeditorapps.com/,beautycamera.photo@gmail.com,20-Aug-11,27-Sep-20,Everyone,http://www.northparkapp.com/privacypolicy.html,TRUE,FALSE,FALSE,6/16/2021 3:36
Fashion Nails 3D Girls Game,com.Fashion.Nails.Girls.Game,Beauty,3.7,3451,"10,000,000+",10000000,16085429,TRUE,0,USD,39M,4.1 and up,Webelinx Love Story Games,,toptrendingapps@gmail.com,13-Feb-15,3-Nov-20,Everyone,https://toptrendingapps.wixsite.com/toptrending/privacy-policy-1,TRUE,FALSE,FALSE,6/15/2021 22:46
Ludo King™,com.ludo.king,Board,4.2,7630921,"500,000,000+",500000000,589524427,TRUE,0,USD,49M,4.4 and up,Gametion Technologies Pvt Ltd,https://www.gametion.com/,support@ludoking.com,17-Dec-16,26-May-21,Everyone,https://www.gametion.com/privacypolicy.htm,TRUE,TRUE,FALSE,6/16/2021 5:13
Chess,com.jetstartgames.chess,Board,4.3,1588738,"100,000,000+",100000000,220484354,TRUE,0,USD,2.8M,4.1 and up,Chess Prince,http://chess-prince.com,help.chess@mail.ru,25-Jun-15,28-May-21,Everyone,,TRUE,TRUE,FALSE,6/15/2021 21:18
Paint By Number - Coloring Book & Color by Number,paint.by.number.pixel.art.coloring.drawing.puzzle,Board,4.5,1299872,"100,000,000+",100000000,135843307,TRUE,0,USD,59M,4.4 and up,Better Life - Color and Draw,https://paint.dailyinnovation.biz/,paint_support@dailyinnovation.biz,10-Aug-18,15-Jun-21,Everyone 10+,http://www.dailyinnovation.biz/privacy.html,TRUE,TRUE,FALSE,6/16/2021 7:09
Happy Color™ – Color by Number. Coloring games.,com.pixel.art.coloring.color.number,Board,4.6,2532441,"100,000,000+",100000000,128743102,TRUE,0,USD,44M,4.4 and up,X-Flow,http://x-flow.app,support@x-flow.app,24-Jan-18,2-Jun-21,Everyone,http://www.x-flow.app/privacy-policy.html,TRUE,TRUE,FALSE,6/15/2021 23:32
Checkers,com.dimcoms.checkers,Board,4.2,558632,"100,000,000+",100000000,105463113,TRUE,0,USD,3.5M,4.1 and up,English Checkers,http://checkers-prince.com,help.checkers@mail.ru,18-May-15,13-Mar-21,Everyone,,TRUE,TRUE,FALSE,6/16/2021 10:39
"Google Play Books - Ebooks, Audiobooks, and Comics",com.google.android.apps.books,Books & Reference,4.1,1814775,"1,000,000,000+",1000000000,3202676731,TRUE,0,USD,Varies with device,Varies with device,Google LLC,http://play.google.com/,googleplay-support@google.com,6-Dec-10,11-Jun-21,Teen,https://play.google.com/books/intl/privacy.html,FALSE,FALSE,FALSE,6/16/2021 4:27
Amazon Kindle,com.amazon.kindle,Books & Reference,4.7,1714733,"100,000,000+",100000000,373230108,TRUE,0,USD,Varies with device,5.0 and up,Amazon Mobile LLC,http://www.amazon.com/kindleapps,kindle-cs-support@amazon.com,28-Jun-10,4-Jun-21,Teen,https://www.amazon.com/gp/help/customer/display.html?nodeId=468496,TRUE,FALSE,FALSE,6/15/2021 23:16
Wattpad - Read & Write Stories,wp.wattpad,Books & Reference,4.1,4224876,"100,000,000+",100000000,190657472,TRUE,0,USD,Varies with device,Varies with device,Wattpad.com,https://www.wattpad.com,support@wattpad.com,,9-Jun-21,Teen,http://www.wattpad.com/privacy,TRUE,TRUE,TRUE,6/16/2021 10:13
"Audible: audiobooks, podcasts & audio stories",com.audible.application,Books & Reference,4.5,1180844,"100,000,000+",100000000,180512055,TRUE,0,USD,26M,6.0 and up,"Audible, Inc",https://www.audible.com,customersupport@audible.com,12-Aug-10,7-Jun-21,Teen,https://www.audible.com/privacy-policy,FALSE,FALSE,FALSE,6/16/2021 3:06
"YouVersion Bible App Free, Audio, Offline, Daily",com.sirma.mobile.bible.android,Books & Reference,4.9,3356821,"100,000,000+",100000000,179730560,TRUE,0,USD,26M,5.0 and up,Life.Church,http://www.youversion.com,en.android@youversion.com,,28-May-21,Teen,http://www.youversion.com/privacy,FALSE,FALSE,FALSE,6/15/2021 22:31
Secure Folder,com.samsung.knox.securefolder,Business,4.2,188987,"1,000,000,000+",1000000000,1410817280,TRUE,0,USD,8.6M,7.0 and up,"Samsung Electronics Co.,  Ltd.",,secfolder@samsung.com,9-Jun-17,31-Jan-18,Everyone,https://account.samsung.com/membership/pp,FALSE,FALSE,FALSE,6/16/2021 6:23
"LinkedIn: Jobs, Business News & Social Networking",com.linkedin.android,Business,4.4,2063638,"500,000,000+",500000000,827144233,TRUE,0,USD,120M,5.0 and up,LinkedIn,http://www.linkedin.com/,team-mobile@linkedin.com,7-Apr-11,9-Jun-21,Everyone,https://www.linkedin.com/legal/privacy-policy,TRUE,TRUE,FALSE,6/16/2021 8:38
ZOOM Cloud Meetings,us.zoom.videomeetings,Business,3.9,2532169,"500,000,000+",500000000,674196557,TRUE,0,USD,125M,5.0 and up,zoom.us,http://zoom.us,info@zoom.us,24-Jan-13,8-Jun-21,Everyone,http://zoom.us/privacy/,FALSE,FALSE,FALSE,6/16/2021 7:52
Google Meet - Secure Video Meetings,com.google.android.apps.meetings,Business,3.7,1488120,"100,000,000+",100000000,352581380,TRUE,0,USD,Varies with device,Varies with device,Google LLC,https://support.google.com/a/answer/7126817,apps-help@google.com,9-Mar-17,10-Jun-21,Everyone,http://www.google.com/policies/privacy,FALSE,FALSE,FALSE,6/16/2021 1:01
Microsoft Teams,com.microsoft.teams,Business,4.1,3498904,"100,000,000+",100000000,199799210,TRUE,0,USD,Varies with device,5.0 and up,Microsoft Corporation,http://aka.ms/microsoftteams,mstandstore@microsoft.com,2-Nov-16,14-Jun-21,Everyone,https://aka.ms/privacy,FALSE,FALSE,FALSE,6/16/2021 5:16
Solitaire,com.mobilityware.solitaire,Card,4.5,1593208,"100,000,000+",100000000,129283628,TRUE,0,USD,Varies with device,Varies with device,MobilityWare,http://www.mobilityware.com,support@mobilityware.com,1-Sep-11,1-Mar-21,Everyone,http://www.mobilityware.com/privacy-policy.php,TRUE,TRUE,FALSE,6/16/2021 8:45
Callbreak Multiplayer,io.teslatech.callbreak,Card,4.1,289480,"50,000,000+",50000000,86123846,TRUE,0,USD,Varies with device,Varies with device,Teslatech,http://callbreak.com/,support@callbreak.com,2-Nov-14,28-Mar-20,Teen,http://callbreak.com/privacy-policy.html,TRUE,FALSE,FALSE,6/16/2021 9:12
Solitaire,com.kathleenOswald.solitaireGooglePlay,Card,4.2,648012,"50,000,000+",50000000,86103506,TRUE,0,USD,46M,4.4 and up,Zynga,https://www.zynga.com,android.support@zynga.com,26-Dec-13,11-May-21,Everyone,https://www.zynga.com/privacy/policy,TRUE,FALSE,FALSE,6/16/2021 13:01
Zynga Poker ™: Free Texas Holdem Online Card Games,com.zynga.livepoker,Card,4.3,2587465,"50,000,000+",50000000,83255897,TRUE,0,USD,97M,4.4 and up,Zynga,https://www.zynga.com/,android.support@zynga.com,21-Dec-10,24-May-21,Teen,https://www.zynga.com/privacy/policy,TRUE,TRUE,FALSE,6/16/2021 14:12
UNO!™,com.matteljv.uno,Card,4.4,939221,"50,000,000+",50000000,74010135,TRUE,0,USD,207M,4.4 and up,Mattel163 Limited,http://www.letsplayuno.com/,uno@mattel163.com,14-Nov-18,13-May-21,Everyone,https://www.mattel163.com/privacypolicy.html,TRUE,TRUE,TRUE,6/16/2021 10:16
Coin Dozer: Sweepstakes,com.leftover.CoinDozer,Casino,4.4,1486538,"50,000,000+",50000000,95406186,TRUE,0,USD,89M,5.0 and up,Game Circus LLC,http://www.gamecircus.com,support@gamecircus.com,27-Jun-11,8-Jun-21,Teen,http://gamecircus.com/privacy-policy/,TRUE,TRUE,FALSE,6/16/2021 11:53
Teen Patti Gold – Indian Family Card Game,com.teenpatti.hd.gold,Casino,4.5,1535622,"50,000,000+",50000000,80000822,TRUE,0,USD,Varies with device,4.1 and up,Moonfrog,http://moonfroglabs.com,support@teenpattigold.com,8-Oct-14,4-Jun-21,Teen,http://teenpattigold.com/privacynew.html,TRUE,TRUE,FALSE,6/15/2021 20:51
Teen Patti by Octro - Real 3 Patti Game,com.octro.teenpatti,Casino,4.2,1495877,"50,000,000+",50000000,73954893,TRUE,0,USD,75M,6.0 and up,"Octro, Inc.",http://www.octro.com,teenpatti.support@octro.com,24-Jul-13,18-May-21,Teen,http://www.octro.com/privacy-policy,TRUE,TRUE,FALSE,6/16/2021 4:18
Slotomania™ Slots: Casino Slot Machine Games,air.com.playtika.slotomania,Casino,4.4,1830022,"50,000,000+",50000000,63657463,TRUE,0,USD,Varies with device,4.1 and up,Playtika,https://www.slotomania.com/,android@playtika.com,26-Jan-12,15-Jun-21,Teen,https://www.playtika.com/privacy-policy,TRUE,TRUE,FALSE,6/15/2021 21:53
Huuuge Casino™ Free Slots & Best Slot Machines 777,com.huuuge.casino.slots,Casino,4.3,757182,"10,000,000+",10000000,37707763,TRUE,0,USD,101M,4.1 and up,Huuuge Games - Play Together,http://www.huuugegames.com/,support@huuugegames.com,19-Jun-15,11-May-21,Teen,http://www.huuugegames.com/privacy-policy/,TRUE,TRUE,FALSE,6/16/2021 3:23
Candy Crush Saga,com.king.candycrushsaga,Casual,4.6,31476637,"1,000,000,000+",1000000000,1208422684,TRUE,0,USD,Varies with device,4.4 and up,King,http://candycrushsaga.com/help/,candycrush.techhelp@king.com,15-Nov-12,4-Jun-21,Everyone,https://king.com/privacyPolicy,TRUE,TRUE,FALSE,6/16/2021 1:14
My Talking Tom,com.outfit7.mytalkingtomfree,Casual,4.3,16835698,"500,000,000+",500000000,919958421,TRUE,0,USD,114M,5.0 and up,Outfit7 Limited,http://outfit7.com/contact/android/,support@outfit7.com,11-Nov-13,2-Jun-21,Everyone,http://outfit7.com/privacy/,TRUE,TRUE,FALSE,6/16/2021 10:38
Pou,me.pou.app,Casual,4.3,11519309,"500,000,000+",500000000,798488171,TRUE,0,USD,22M,4.1 and up,Zakeh Limited,http://www.pou.me,pouhelp@gmail.com,5-Aug-12,4-Feb-21,Everyone,http://help.pou.me/privacy-policy.php,TRUE,TRUE,FALSE,6/16/2021 5:08
My Talking Angela,com.outfit7.mytalkingangelafree,Casual,4.2,13083889,"500,000,000+",500000000,699944379,TRUE,0,USD,115M,5.0 and up,Outfit7 Limited,http://outfit7.com/contact/android/,support@outfit7.com,3-Dec-14,25-May-21,Everyone,http://outfit7.com/privacy/,TRUE,TRUE,TRUE,6/16/2021 1:52
Minion Rush: Despicable Me Official Game,com.gameloft.android.ANMP.GloftDMHM,Casual,4.4,10664235,"100,000,000+",100000000,488234648,TRUE,0,USD,116M,5.0 and up,Gameloft SE,http://www.gameloft.com/,android.support@gameloft.com,13-Jun-13,1-Jun-21,Everyone 10+,http://www.gameloft.com/privacy-notice/,TRUE,TRUE,FALSE,6/16/2021 9:31
WEBTOON,com.naver.linewebtoon,Comics,4.6,1746185,"50,000,000+",50000000,85170436,TRUE,0,USD,23M,4.4 and up,WEBTOON ENTERTAINMENT,https://www.webtoons.com/,dl_linewebtoon@webtoonscorp.com,1-Jul-14,3-Jun-21,Teen,https://m.webtoons.com/en/terms#privacyPolicy,TRUE,TRUE,TRUE,6/16/2021 14:52
네이버 웹툰 - Naver Webtoon,com.nhn.android.webtoon,Comics,3.9,197768,"10,000,000+",10000000,33664301,TRUE,0,USD,Varies with device,Varies with device,NAVER WEBTOON,http://comic.naver.com/index.nhn,naver_market@naver.com,21-Dec-10,21-May-21,Teen,https://member.webtoon.naver.com/policies/privacy/,TRUE,FALSE,FALSE,6/16/2021 6:54
"MangaToon-Good comics, Great stories",mobi.mangatoon.comics.aphone,Comics,4.4,488830,"10,000,000+",10000000,25754944,TRUE,0,USD,Varies with device,4.4 and up,MangaToon,https://mangatoon.mobi,mangatoon.app@gmail.com,8-Jul-18,27-May-21,Teen,https://h5.mangatoon.mobi/privacy/index,TRUE,TRUE,FALSE,6/16/2021 11:25
Temple Princess Lost Oz Run,com.appmag.endless.temple.princessfinaljungleozrunfrozen,Comics,4.1,20947,"10,000,000+",10000000,16119024,TRUE,0,USD,60M,4.1 and up,App Mag,,info.appmag@gmail.com,2-Dec-18,6-Jun-20,Everyone 10+,https://appmag484255680.wordpress.com/2018/08/29/privacy-policy/,TRUE,FALSE,FALSE,6/16/2021 2:47
Draw Cartoons 2: Skeletal Animation Studio,com.zalivka.animation2,Comics,4.5,320001,"10,000,000+",10000000,13515595,TRUE,0,USD,81M,4.4 and up,Zalivka Mobile Cartoons,http://what.drawingcartoons.net,drawingcartoonsltd@gmail.com,13-Nov-15,20-May-21,Everyone 10+,https://docs.google.com/document/d/1mbVsod0gwqWF3v12EFeR3UQ00ZihuMCBiQ3uSa1mNdk/edit?usp=sharing,TRUE,TRUE,FALSE,6/15/2021 23:53
Google Chrome: Fast & Secure,com.android.chrome,Communication,4.1,31481796,"5,000,000,000+",5000000000,8925640788,TRUE,0,USD,Varies with device,Varies with device,Google LLC,http://www.google.com/chrome/android,apps-help@google.com,7-Feb-12,14-Jun-21,Everyone,http://www.google.com/chrome/intl/en/privacy.html,FALSE,FALSE,FALSE,6/16/2021 11:26
Gmail,com.google.android.gm,Communication,4.2,9488421,"5,000,000,000+",5000000000,8756574289,TRUE,0,USD,Varies with device,Varies with device,Google LLC,http://support.google.com/mail/bin/topic.py?hl=en&topic=2451697&parent=2451730&ctx=topic,apps-help@google.com,21-Sep-10,16-Jun-21,Everyone,http://www.google.com/policies/privacy,TRUE,FALSE,FALSE,6/16/2021 9:53
WhatsApp Messenger,com.whatsapp,Communication,4,138557570,"5,000,000,000+",5000000000,6265637751,TRUE,0,USD,Varies with device,Varies with device,WhatsApp LLC,http://www.whatsapp.com/,android@support.whatsapp.com,18-Oct-10,9-Jun-21,Everyone,http://www.whatsapp.com/legal/#Privacy,FALSE,FALSE,TRUE,6/16/2021 2:51
Messenger – Text and Video Chat for Free,com.facebook.orca,Communication,4,78563229,"5,000,000,000+",5000000000,5054312355,TRUE,0,USD,Varies with device,Varies with device,Facebook,https://www.facebook.com/games/fbmessenger_android/,android-support@fb.com,30-Jan-14,14-Jun-21,Everyone,https://m.facebook.com/policy.php,FALSE,TRUE,TRUE,6/16/2021 9:49
Hangouts,com.google.android.talk,Communication,4,5072462,"5,000,000,000+",5000000000,5019518222,TRUE,0,USD,Varies with device,Varies with device,Google LLC,https://support.google.com/hangouts/?p=androidhelp,apps-help@google.com,15-May-13,14-May-21,Everyone,http://www.google.com/policies/privacy,FALSE,FALSE,FALSE,6/16/2021 11:09
"Badoo — The Dating App to Chat, Date & Meet People",com.badoo.mobile,Dating,4,5503151,"100,000,000+",100000000,286283642,TRUE,0,USD,56M,5.0 and up,Badoo,http://www.badoo.com,android.support@badoo.com,17-Dec-10,14-Jun-21,Mature 17+,http://badoo.com/privacy/,TRUE,TRUE,FALSE,6/16/2021 6:18
Zoosk - Online Dating App to Meet New People,com.zoosk.zoosk,Dating,3.6,607672,"10,000,000+",10000000,37576471,TRUE,0,USD,Varies with device,Varies with device,Zoosk Inc.,https://www.zoosk.com,support@zoosk.com,8-Oct-10,11-Jun-21,Mature 17+,https://www.zoosk.com/privacy.php,TRUE,TRUE,FALSE,6/16/2021 1:54
OkCupid - The Online Dating App for Great Dates,com.okcupid.okcupid,Dating,3.8,465868,"10,000,000+",10000000,30823577,TRUE,0,USD,33M,6.0 and up,okcupid.com,http://www.okcupid.com/feedback,support@okcupid.com,18-Jun-10,14-Jun-21,Mature 17+,http://www.okcupid.com/legal/privacy,TRUE,TRUE,TRUE,6/16/2021 6:13
"Bumble – Dating, Make New Friends & Networking",com.bumble.app,Dating,3.2,244651,"10,000,000+",10000000,28290341,TRUE,0,USD,72M,5.0 and up,Bumble Holding Limited,http://bumble.com/,android.support@bumble.com,30-Nov-15,15-Jun-21,Mature 17+,https://bumble.com/privacy/,FALSE,TRUE,FALSE,6/16/2021 12:48
Chat & Date: Dating Made Simple to Meet New People,com.hotornot.app,Dating,3.9,349535,"10,000,000+",10000000,26392606,TRUE,0,USD,60M,5.0 and up,OR NOT LIMITED,http://hotornot.com,android.support@hotornot.com,22-May-13,14-Jun-21,Mature 17+,http://hotornot.com/privacy,TRUE,TRUE,FALSE,6/15/2021 22:33
Duolingo: Learn Languages Free,com.duolingo,Education,4.6,11103561,"100,000,000+",100000000,261431130,TRUE,0,USD,Varies with device,Varies with device,Duolingo,https://www.duolingo.com/,android@duolingo.com,29-May-13,14-Jun-21,Everyone,https://www.duolingo.com/privacy,TRUE,TRUE,TRUE,6/16/2021 13:07
Google Classroom,com.google.android.apps.classroom,Education,2.6,1590010,"100,000,000+",100000000,212017279,TRUE,0,USD,Varies with device,Varies with device,Google LLC,https://classroom.google.com/,apps-help@google.com,14-Jan-15,14-Jun-21,Everyone,http://www.google.com/policies/privacy,FALSE,FALSE,FALSE,6/15/2021 22:19
Samsung Global Goals,com.samsung.sree,Education,4.5,84008,"100,000,000+",100000000,192681575,TRUE,0,USD,24M,,"Samsung Electronics Co.,  Ltd.",http://www.samsungglobalgoals.com,noreply.sec@samsung.com,19-Aug-19,30-Mar-21,Everyone,http://www.samsungglobalgoals.com/pp,TRUE,FALSE,FALSE,6/16/2021 3:56
Photomath,com.microblink.photomath,Education,4.7,2221551,"100,000,000+",100000000,147356790,TRUE,0,USD,Varies with device,Varies with device,"Photomath, Inc.",https://photomath.com,support@photomath.com,26-Feb-15,9-Jun-21,Everyone,https://photomath.net/privacypolicy,FALSE,TRUE,FALSE,6/16/2021 7:34
U-Dictionary: Oxford Dictionary Free Now Translate,com.youdao.hindict,Education,4.5,901835,"100,000,000+",100000000,125828709,TRUE,0,USD,21M,5.0 and up,Talent Education Inc,http://www.u-dictionary.com/home/,udictionary01@gmail.com,20-Mar-16,31-May-21,Everyone 10+,http://shared.youdao.com/dict/market/youdaoInfos/index.html,TRUE,TRUE,FALSE,6/15/2021 23:18
Toca Kitchen 2,com.tocaboca.tocakitchen2,Educational,4.2,1550126,"100,000,000+",100000000,153769168,TRUE,0,USD,30M,4.4 and up,Toca Boca,http://www.tocaboca.com,support@tocaboca.com,25-May-15,15-Feb-21,Everyone,http://www.tocaboca.com/privacy,TRUE,FALSE,FALSE,6/16/2021 2:05
Masha and the Bear. Educational Games,com.edujoy.masha.games,Educational,4.1,212136,"100,000,000+",100000000,123688272,TRUE,0,USD,28M,4.4 and up,AppQuiz,http://www.edujoy.es,edujoy@edujoy.es,29-Sep-17,8-Jun-21,Everyone,http://edujoy.es/privacy_policy.html,TRUE,TRUE,FALSE,6/16/2021 10:32
"Truck games for kids - build a house, car wash",com.gokids.transportbuilding,Educational,4.1,150545,"100,000,000+",100000000,114808798,TRUE,0,USD,103M,4.4 and up,GoKids!,http://gokidsmobile.com/,toplinesolutionsltd@gmail.com,16-Oct-18,2-Jun-21,Everyone,http://gokidsmobile.com/privacy-policy/,TRUE,TRUE,FALSE,6/16/2021 2:54
Baby Panda's Supermarket,com.sinyee.babybus.shopping,Educational,4.3,302041,"100,000,000+",100000000,108975090,TRUE,0,USD,75M,4.4 and up,BabyBus,http://www.babybus.com,ser@babybus.com,19-Feb-16,14-May-21,Everyone,http://en.babybus.com/index/privacyPolicy.shtml,TRUE,TRUE,FALSE,6/16/2021 8:02
Coloring & Learn,com.orange.coloring.learn.kids,Educational,4.2,141264,"50,000,000+",50000000,81165199,TRUE,0,USD,62M,4.1 and up,Orange Studios Games,http://orangestudiosgames.com,orangegstudios@gmail.com,19-Jul-16,19-May-21,Everyone,http://orangestudiosgames.com/privacy_policy.html,TRUE,TRUE,FALSE,6/16/2021 11:54
Google Play Games,com.google.android.play.games,Entertainment,4.3,12016421,"1,000,000,000+",1000000000,4605543029,TRUE,0,USD,Varies with device,Varies with device,Google LLC,http://play.google.com/store/apps/category/GAME,googleplay-support@google.com,24-Jul-13,26-Apr-21,Teen,http://www.google.com/policies/privacy,FALSE,FALSE,FALSE,6/16/2021 3:24
Netflix,com.netflix.mediaclient,Entertainment,4.4,11694633,"1,000,000,000+",1000000000,1437250170,TRUE,0,USD,Varies with device,Varies with device,"Netflix, Inc.",http://www.netflix.com,playstore@netflix.com,5-May-11,14-Jun-21,Teen,http://www.netflix.com/privacy,FALSE,TRUE,TRUE,6/15/2021 20:56
Mi Video - Watch & download videos for free,com.miui.videoplayer,Entertainment,4,268565,"500,000,000+",500000000,804115328,TRUE,0,USD,Varies with device,6.0 and up,Xiaomi Inc.,http://global.e.mi.com,mivideo-feedback@xiaomi.com,,10-Jun-21,Teen,https://h5-idn.video.intl.xiaomi.com/privacy?region=en&lang=en,TRUE,FALSE,FALSE,6/16/2021 4:34
Hotstar,in.startv.hotstar,Entertainment,3.9,9177009,"500,000,000+",500000000,523641463,TRUE,0,USD,Varies with device,Varies with device,Novi Digital,https://www.hotstar.com,hello@hotstar.com,7-Sep-17,6-Jun-21,Teen,https://www.hotstar.com/us/privacy-policy,TRUE,FALSE,TRUE,6/16/2021 2:50
HUAWEI Video,com.huawei.himovie.overseas,Entertainment,3.9,70580,"100,000,000+",100000000,450787692,TRUE,0,USD,81M,4.4 and up,Huawei Internet Services,https://huaweimobileservices.com/,mobilevideo@huawei.com,18-Mar-20,25-Mar-20,Teen,https://consumer.huawei.com/en/legal/privacy-policy/,FALSE,FALSE,FALSE,6/16/2021 11:02
"Ticketmaster－Buy, Sell Tickets to Concerts, Sports",com.ticketmaster.mobile.android.na,Events,3.7,77398,"10,000,000+",10000000,14691214,TRUE,0,USD,20M,6.0 and up,Ticketmaster L.L.C.,http://www.ticketmaster.com,app@ticketmaster.com,21-May-12,11-Jun-21,Everyone,https://www.ticketmaster.com/h/privacy.html,FALSE,FALSE,FALSE,6/16/2021 3:02
Invitation maker & Card design by Greetings Island,com.greetingsisland.sam,Events,4.6,71880,"5,000,000+",5000000,9973338,TRUE,0,USD,32M,6.0 and up,Greetings Island,https://www.greetingsisland.com,support@greetingsisland.com,15-May-18,19-May-21,Everyone,https://www.greetingsisland.com/privacy,TRUE,TRUE,FALSE,6/16/2021 0:20
StubHub - Live Event Tickets,com.stubhub,Events,4.2,64575,"5,000,000+",5000000,8390847,TRUE,0,USD,48M,5.0 and up,StubHub Mobile,http://www.stubhub.com,shAndroidApp@gmail.com,9-Mar-11,3-Jun-21,Everyone,https://www.stubhub.com/content/legal/?section=pp,FALSE,FALSE,FALSE,6/16/2021 5:45
"SeatGeek – Tickets to Sports, Concerts, Broadway",com.seatgeek.android,Events,4.1,19821,"1,000,000+",1000000,4720090,TRUE,0,USD,26M,5.0 and up,SeatGeek,http://seatgeek.com,android-app@seatgeek.com,13-Nov-13,19-May-21,Everyone,https://seatgeek.com/privacy,FALSE,FALSE,FALSE,6/16/2021 9:33
"Gametime - Tickets to Sports, Concerts, Theater",com.gametime.gametime,Events,4.7,19448,"1,000,000+",1000000,3628846,TRUE,0,USD,88M,5.0 and up,Gametime,https://gametime.co,feedback@gametime.co,12-Mar-14,15-Jun-21,Everyone,https://gametime.co/privacy,FALSE,FALSE,FALSE,6/16/2021 1:42
Google Pay: A safe & helpful way to manage money,com.google.android.apps.nbu.paisa.user,Finance,3.8,17922,"100,000,000+",100000000,426398179,TRUE,0,USD,Varies with device,5.0 and up,Google LLC,http://tez.google.com,apps-help@google.com,3-Mar-21,11-Jun-21,Everyone,http://www.google.com/policies/privacy,FALSE,FALSE,FALSE,6/16/2021 0:54
Google Pay (old app),com.google.android.apps.walletnfcrel,Finance,3.8,1059837,"100,000,000+",100000000,330675089,TRUE,0,USD,Varies with device,Varies with device,Google LLC,https://pay.google.com/about,google-payments@google.com,24-Jun-11,3-May-21,Everyone,https://payments.google.com/legaldocument?family=0.privacynotice,FALSE,FALSE,FALSE,6/16/2021 12:52
"Paytm -UPI, Money Transfer, Recharge, Bill Payment",net.one97.paytm,Finance,4.5,8851930,"100,000,000+",100000000,300940960,TRUE,0,USD,44M,5.0 and up,Paytm - One97 Communications Ltd.,https://paytm.com,app.feedback@paytm.com,30-Apr-12,11-Jun-21,Everyone,https://paytm.com/about-us/our-policies/#tandc,TRUE,FALSE,TRUE,6/16/2021 8:02
"PhonePe – UPI, Recharges, Investments & Insurance",com.phonepe.app,Finance,4.4,6511819,"100,000,000+",100000000,271460974,TRUE,0,USD,42M,4.3 and up,PhonePe,http://www.phonepe.com,support@phonepe.com,14-Oct-16,16-Jun-21,Everyone,http://www.phonepe.com/en/policy.html,TRUE,FALSE,FALSE,6/16/2021 14:51
PayPal Mobile Cash: Send and Request Money Fast,com.paypal.android.p2pmobile,Finance,4.2,2009620,"100,000,000+",100000000,205177772,TRUE,0,USD,95M,5.0 and up,PayPal Mobile,https://www.paypal.com/mobile,app-feedback@paypal.com,,13-Jun-21,Everyone,https://www.paypal.com/webapps/mpp/ua/privacy-full,FALSE,FALSE,FALSE,6/16/2021 5:29
Uber Eats: Food Delivery,com.ubercab.eats,Food & Drink,4.3,3879620,"100,000,000+",100000000,169142236,TRUE,0,USD,84M,5.0 and up,"Uber Technologies, Inc.",https://www.ubereats.com,support@uber.com,29-Feb-16,14-Jun-21,Everyone,https://www.uber.com/privacy,TRUE,FALSE,TRUE,6/16/2021 14:25
Zomato - Online Food Delivery & Restaurant Reviews,com.application.zomato,Food & Drink,4.2,5021986,"100,000,000+",100000000,132241338,TRUE,0,USD,33M,5.0 and up,Zomato,https://www.zomato.com,android@zomato.com,10-Jan-11,15-Jun-21,Everyone,http://www.zomato.com/privacy,TRUE,FALSE,TRUE,6/16/2021 12:02
Swiggy Food Order | Online Grocery | Delivery App,in.swiggy.android,Food & Drink,4.2,2596126,"50,000,000+",50000000,96584381,TRUE,0,USD,Varies with device,Varies with device,Swiggy,http://swiggy.in,android@swiggy.in,16-Jun-15,15-Jun-21,Everyone,https://www.swiggy.com/privacy-policy,FALSE,FALSE,TRUE,6/16/2021 4:48
foodpanda - Local Food & Grocery Delivery,com.global.foodpanda.android,Food & Drink,4.3,2004412,"50,000,000+",50000000,73637743,TRUE,0,USD,35M,5.0 and up,Foodpanda GmbH a subsidiary of Delivery Hero SE,http://foodpanda.com,appsupport@foodpanda.com,19-Nov-13,31-May-21,Everyone,https://www.foodpanda.sg/contents/privacy.htm,FALSE,FALSE,FALSE,6/16/2021 13:54
McDonald's,com.mcdonalds.mobileapp,Food & Drink,2.9,346572,"50,000,000+",50000000,72204011,TRUE,0,USD,42M,5.0 and up,McDonald's Apps,https://www.mcdonaldsapps.com/contact,mcdonaldsglobalmobileapp@gmail.com,26-Feb-18,15-Jun-21,Everyone,https://mcdonaldsapps.com/en-GB/legal,TRUE,FALSE,FALSE,6/16/2021 10:49
Samsung Health,com.sec.android.app.shealth,Health & Fitness,3.6,1244210,"1,000,000,000+",1000000000,1341624888,TRUE,0,USD,85M,8.0 and up,"Samsung Electronics Co.,  Ltd.",https://www.samsung.com/global/galaxy/apps/samsung-health/,noreply.sec@samsung.com,7-Apr-15,17-May-21,Everyone,https://www.samsunghealth.com/privacy,TRUE,FALSE,FALSE,6/15/2021 23:31
Huawei Health,com.huawei.health,Health & Fitness,4.2,6841,"100,000,000+",100000000,422224933,TRUE,0,USD,82M,4.4 and up,Huawei Internet  Service,http://consumer.huawei.com,huaweiyunwei@huawei.com,15-Mar-17,15-Jul-20,Everyone,https://consumer.huawei.com/minisite/cloudservice/privacy/index.htm,FALSE,FALSE,FALSE,6/16/2021 8:12
Aarogya Setu,nic.goi.aarogyasetu,Health & Fitness,3.8,1576401,"100,000,000+",100000000,160870492,TRUE,0,USD,4.2M,5.0 and up,NIC eGov Mobile Apps,,support.aarogyasetu@gov.in,11-Apr-20,8-Jul-20,Everyone,https://web.swaraksha.gov.in/ncv19/privacy/,FALSE,FALSE,FALSE,6/15/2021 21:25
Period Tracker - Period Calendar Ovulation Tracker,com.popularapp.periodcalendar,Health & Fitness,4.9,5949473,"100,000,000+",100000000,148610927,TRUE,0,USD,14M,4.4 and up,Simple Design Ltd.,http://simpledesign.ltd,abishkking@gmail.com,16-Mar-12,22-Mar-21,Everyone,http://simpledesign.ltd/privacy/my_calendar.html,TRUE,FALSE,FALSE,6/16/2021 11:53
Home Workout - No Equipment,homeworkout.homeworkouts.noequipment,Health & Fitness,4.9,1958033,"100,000,000+",100000000,139758150,TRUE,0,USD,17M,4.4 and up,Leap Fitness Group,https://leap.app,northpark.android@gmail.com,8-Nov-17,9-Jun-21,Everyone,https://leap.app/privacypolicy.html,TRUE,TRUE,TRUE,6/16/2021 6:04
Universal TV Remote Control,codematics.universal.tv.remote.control,House & Home,4,304866,"50,000,000+",50000000,96444714,TRUE,0,USD,9.7M,4.2 and up,CodeMatics Media Solutions,https://www.codematics.co,contact.codematics@gmail.com,7-Sep-15,11-Jun-21,Everyone,https://www.codematics.co/privacy-policy/,TRUE,TRUE,FALSE,6/16/2021 11:48
Zillow: Find Houses for Sale & Apartments for Rent,com.zillow.android.zillowmap,House & Home,4.4,542826,"10,000,000+",10000000,38915299,TRUE,0,USD,29M,5.0 and up,Zillow,http://www.zillow.com/android,androidfeedback@zillow.com,17-Mar-10,14-Jun-21,Everyone,http://www.zillow.com/corp/Privacy.htm,TRUE,FALSE,TRUE,6/16/2021 10:19
SURE - Smart Home and TV Universal Remote,com.tekoia.sure.activities,House & Home,3.5,232400,"10,000,000+",10000000,34855441,TRUE,0,USD,63M,5.0 and up,SURE Universal Ltd.,https://www.sureuniversal.com/,support@sureuniversal.com,23-Jul-14,11-Mar-20,Everyone,https://www.sureuniversal.com/privacy-policy/,TRUE,TRUE,FALSE,6/16/2021 11:11
Planner 5D - Home & Interior Design Creator,com.planner5d.planner5d,House & Home,4.1,305558,"10,000,000+",10000000,30189982,TRUE,0,USD,116M,4.1 and up,Planner 5D,https://planner5d.com,support@planner5d.com,27-May-15,22-Apr-21,Everyone,https://planner5d.com/pages/privacy/,TRUE,TRUE,FALSE,6/16/2021 2:51
Alfred Home Security Camera: Baby Monitor & Webcam,com.ivuu,House & Home,4.7,430823,"10,000,000+",10000000,26557624,TRUE,0,USD,Varies with device,Varies with device,Alfred Systems Inc.,https://alfred.camera,support@alfredcamera.zendesk.com,17-Dec-12,11-Jun-21,Everyone,https://alfred.camera/legal/privacy-policy,TRUE,TRUE,FALSE,6/16/2021 4:18
HTC Service Pack,com.htc.sense.hsp,Libraries & Demo,4.3,69683,"50,000,000+",50000000,76374212,TRUE,0,USD,11M,Varies with device,HTC Corporation,http://htc.com,htc.play.op@gmail.com,24-Mar-14,21-Jun-17,Everyone,https://www.htc.com/privacy/,FALSE,FALSE,FALSE,6/16/2021 9:58
MX Player Codec (ARMv7 NEON),com.mxtech.ffmpeg.v7_neon,Libraries & Demo,4.4,39717,"10,000,000+",10000000,49842878,TRUE,0,USD,Varies with device,Varies with device,MX Media (formerly J2 Interactive),http://apps.mxplayer.in/,support@mxplayer.in,20-Dec-11,1-Apr-19,Everyone,https://sites.google.com/site/mxvpen/about/privacy-policy,FALSE,FALSE,FALSE,6/16/2021 8:21
MX Player Codec (ARMv6 VFP),com.mxtech.ffmpeg.v6_vfp,Libraries & Demo,4.3,455955,"10,000,000+",10000000,48999723,TRUE,0,USD,5.6M,2.1 and up,MX Media (formerly J2 Interactive),http://apps.mxplayer.in/,support@mxplayer.in,18-Jul-11,6-Jun-15,Everyone,https://sites.google.com/site/mxvpen/about/privacy-policy,FALSE,FALSE,FALSE,6/16/2021 3:50
MX Player Codec (ARMv7),com.mxtech.ffmpeg.v7_vfpv3d16,Libraries & Demo,4.3,346544,"10,000,000+",10000000,43234525,TRUE,0,USD,7.5M,4.0 and up,MX Media (formerly J2 Interactive),http://apps.mxplayer.in/,support@mxplayer.in,18-Jul-11,1-Apr-19,Everyone,https://sites.google.com/site/mxvpen/about/privacy-policy,FALSE,FALSE,FALSE,6/15/2021 21:52
Cardboard,com.google.samples.apps.cardboarddemo,Libraries & Demo,3.7,151338,"10,000,000+",10000000,31791465,TRUE,0,USD,48M,4.4 and up,Google LLC,http://developers.google.com/cardboard,apps-help@google.com,25-Jun-14,19-Feb-19,Everyone,http://www.google.com/policies/privacy,FALSE,FALSE,FALSE,6/16/2021 12:24
Pinterest,com.pinterest,Lifestyle,4.6,8017109,"500,000,000+",500000000,615144909,TRUE,0,USD,Varies with device,Varies with device,Pinterest,https://help.pinterest.com,help@pinterest.com,14-Aug-12,14-Jun-21,Teen,https://policy.pinterest.com/privacy-policy,TRUE,FALSE,TRUE,6/15/2021 21:48
SmartThings,com.samsung.android.oneconnect,Lifestyle,4.5,742819,"500,000,000+",500000000,573242377,TRUE,0,USD,79M,7.0 and up,"Samsung Electronics Co.,  Ltd.",https://help.content.samsung.com,noreply.sec@samsung.com,17-Apr-17,8-Jun-21,Everyone,https://account.samsung.com/membership/pp,FALSE,FALSE,FALSE,6/16/2021 5:14
"Tinder - Dating, Make Friends and Meet New People",com.tinder,Lifestyle,3.3,4308837,"100,000,000+",100000000,277159841,TRUE,0,USD,110M,7.0 and up,Tinder,http://www.gotinder.com,help@gotinder.com,15-Jul-13,7-Jun-21,Mature 17+,http://www.gotinder.com/privacy/,TRUE,TRUE,FALSE,6/16/2021 12:33
Samsung Pay,com.samsung.android.spay,Lifestyle,4.6,975765,"100,000,000+",100000000,242571447,TRUE,0,USD,Varies with device,Varies with device,"Samsung Electronics Co.,  Ltd.",http://www.samsung.com/samsungpay,noreply.sec@samsung.com,17-Oct-15,28-May-21,Everyone,https://account.samsung.com/membership/pp,TRUE,FALSE,FALSE,6/16/2021 12:03
Google Home,com.google.android.apps.chromecast.app,Lifestyle,4,1096419,"100,000,000+",100000000,203258753,TRUE,0,USD,63M,6.0 and up,Google LLC,http://cast.google.com/chromecast/,apps-help@google.com,18-Jul-13,27-May-21,Everyone,https://www.google.com/intl/en_US/chrome/browser/privacy/,FALSE,FALSE,FALSE,6/16/2021 11:58
Uber - Request a ride,com.ubercab,Maps & Navigation,4.4,8649676,"500,000,000+",500000000,638806478,TRUE,0,USD,Varies with device,Varies with device,"Uber Technologies, Inc.",http://www.uber.com,support@uber.com,28-Oct-10,14-Jun-21,Everyone,https://www.uber.com/privacy,FALSE,FALSE,FALSE,6/15/2021 20:48
"Waze - GPS, Maps, Traffic Alerts & Live Navigation",com.waze,Maps & Navigation,4.1,8318697,"100,000,000+",100000000,378234324,TRUE,0,USD,88M,4.4 and up,Waze,http://www.waze.com,support@waze.com,,23-May-21,Everyone,http://www.waze.com/legal/privacy/,TRUE,FALSE,FALSE,6/16/2021 7:03
Grab Superapp,com.grabtaxi.passenger,Maps & Navigation,4.5,6591760,"100,000,000+",100000000,178625683,TRUE,0,USD,169M,5.0 and up,Grab Holdings,https://grab.com ,support@grab.com,30-May-13,14-Jun-21,Everyone,https://www.grab.com/privacy,FALSE,FALSE,FALSE,6/16/2021 6:08
"Ola, Safe and affordable rides",com.olacabs.customer,Maps & Navigation,4,1604870,"100,000,000+",100000000,126466815,TRUE,0,USD,49M,5.0 and up,ola,http://www.olacabs.com,support@olacabs.com,1-Jun-12,7-Jun-21,Everyone,http://www.olacabs.com/info/faqs#privacyPolicy,FALSE,FALSE,FALSE,6/16/2021 2:33
"2GIS: directory, map, navigator without internet",ru.dublgis.dgismobile,Maps & Navigation,4.4,951202,"50,000,000+",50000000,93599023,TRUE,0,USD,Varies with device,Varies with device,"DoubleGIS, LLC",http://info.2gis.com,dev@2gis.com,9-Mar-11,8-Jun-21,Everyone,http://law.2gis.ru/privacy/,TRUE,FALSE,FALSE,6/16/2021 4:05
1mg - Online Medical Store & Healthcare App,com.aranoah.healthkart.plus,Medical,4.3,386152,"10,000,000+",10000000,18243473,TRUE,0,USD,Varies with device,Varies with device,1MG HEALTHCARE SOLUTIONS PRIVATE LIMITED,https://www.1mg.com,android@1mg.com,24-Aug-12,12-Jun-21,Everyone,https://www.1mg.com/PrivacyPolicy,TRUE,FALSE,FALSE,6/16/2021 10:17
Mobile JKN,app.bpjs.mobile,Medical,3.5,272019,"10,000,000+",10000000,17730938,TRUE,0,USD,37M,4.3 and up,BPJS Kesehatan,http://www.bpjs-kesehatan.go.id/,keluhan.mobile@bpjs-kesehatan.go.id,17-Apr-16,9-Jun-21,Everyone,https://ejkn.bpjs-kesehatan.go.id/mobile-rest-android/privacypolicy.jsp,FALSE,FALSE,FALSE,6/16/2021 1:33
CUIDAR COVID-19 ARGENTINA,ar.gob.coronavirus,Medical,3.2,67194,"10,000,000+",10000000,16134849,TRUE,0,USD,16M,5.0 and up,Presidencia de la Nación Argentina,https://www.argentina.gob.ar/,aplicaciones@modernizacion.gob.ar,10-May-20,22-Apr-21,Everyone,https://www.argentina.gob.ar/sites/default/files/terminos_y_condiciones_aplicacion_cuidar_-_covid_19_-_v5.pdf,FALSE,FALSE,FALSE,6/16/2021 9:26
PharmEasy – Online Medicine Ordering App,com.phonegap.rxpal,Medical,4.3,300844,"10,000,000+",10000000,14350096,TRUE,0,USD,Varies with device,Varies with device,Axelia Solutions Private Limited,http://pharmeasy.in/,care@pharmeasy.in,6-Mar-15,14-Jun-21,Everyone,https://pharmeasy.in/privacy-policy,FALSE,FALSE,FALSE,6/15/2021 21:25
My Calendar - Period Tracker,com.lbrc.PeriodCalendar,Medical,4.9,329291,"10,000,000+",10000000,13468890,TRUE,0,USD,19M,4.4 and up,SimpleInnovation,https://simpleinnovation.us/,feedback@period-tracker.com,16-Aug-15,14-May-21,Everyone,https://simpleinnovation.us/simpleinnovation/period-calendar/privacy-policy-en.pdf,TRUE,TRUE,FALSE,6/16/2021 0:11
Magic Tiles 3,com.youmusic.magictiles,Music,4.1,2403892,"100,000,000+",100000000,398429863,TRUE,0,USD,Varies with device,5.0 and up,AMANOTES PTE LTD,https://amanotes.com/,support@amanotes.com,24-Feb-17,4-Jun-21,Everyone,https://amanotes.com/privacy-policy,TRUE,TRUE,FALSE,6/16/2021 3:41
Tiles Hop: EDM Rush!,com.amanotes.beathopper,Music,4.3,2488885,"100,000,000+",100000000,361997020,TRUE,0,USD,86M,4.4 and up,AMANOTES PTE LTD,http://amanotes.com,pama.support@amanotes.com,16-Jan-18,11-Jun-21,Teen,http://amanotes.com/privacy-policy/,TRUE,TRUE,TRUE,6/16/2021 0:05
Dancing Road: Color Ball Run!,com.amanotes.pamadancingroad,Music,4.1,670707,"100,000,000+",100000000,174189209,TRUE,0,USD,74M,4.4 and up,AMANOTES PTE LTD,http://amanotes.com,pama.support@amanotes.com,29-Oct-18,8-Jun-21,Everyone,http://amanotes.com/privacy-policy/,TRUE,TRUE,FALSE,6/16/2021 7:46
Piano Free - Keyboard with Magic Tiles Music Games,com.gismart.realpianofree,Music,4.1,1282279,"100,000,000+",100000000,132244836,TRUE,0,USD,105M,5.0 and up,Gismart,https://gismart.com/piano/,support@gismart.com,5-Jun-14,8-Jun-21,Everyone,https://gismart.com/privacy-policy/,TRUE,TRUE,FALSE,6/15/2021 20:35
Piano Kids - Music & Songs,com.orange.kidspiano.music.songs,Music,4.4,413682,"100,000,000+",100000000,124951546,TRUE,0,USD,55M,4.1 and up,Orange Studios Games,http://orangestudiosgames.com,orangegstudios@gmail.com,2-Feb-16,11-Jun-21,Everyone,http://orangestudiosgames.com/privacy_policy.html,TRUE,TRUE,FALSE,6/16/2021 4:00
YouTube Music,com.google.android.apps.youtube.music,Music & Audio,4.2,2631022,"1,000,000,000+",1000000000,1067343725,TRUE,0,USD,Varies with device,Varies with device,Google LLC,https://music.youtube.com,ytmusic-support@google.com,12-Nov-15,14-Jun-21,Teen,http://www.google.com/intl/en/policies/privacy/,TRUE,FALSE,FALSE,6/16/2021 14:52
YouTube Music,com.google.android.music,Music & Audio,4.2,2629553,"1,000,000,000+",1000000000,1065181427,TRUE,0,USD,Varies with device,Varies with device,Google LLC,https://music.youtube.com,ytmusic-support@google.com,12-Nov-15,14-Jun-21,Teen,http://www.google.com/intl/en/policies/privacy/,TRUE,FALSE,FALSE,6/16/2021 6:38
Spotify: Listen to podcasts & find music you love,com.spotify.music,Music & Audio,4.4,22752840,"1,000,000,000+",1000000000,1033938669,TRUE,0,USD,Varies with device,Varies with device,Spotify Ltd.,https://www.spotify.com,android-support@spotify.com,27-May-14,10-Jun-21,Teen,https://www.spotify.com/legal/privacy-policy/,TRUE,FALSE,FALSE,6/16/2021 11:43
Samsung Music,com.sec.android.app.music,Music & Audio,3.7,39645,"500,000,000+",500000000,862678090,TRUE,0,USD,24M,5.0 and up,"Samsung Electronics Co.,  Ltd.",http://help.content.samsung.com,noreply.sec@samsung.com,17-Feb-16,26-May-21,Everyone,http://www.samsung.com,TRUE,FALSE,FALSE,6/16/2021 4:10
Mi Music,com.miui.player,Music & Audio,4.1,1039519,"500,000,000+",500000000,793353160,TRUE,0,USD,43M,6.0 and up,Xiaomi MIUI,http://global.e.mi.com,music-feedback@xiaomi.com,26-May-19,11-Jun-21,Everyone,https://privacy.mi.com,TRUE,FALSE,FALSE,6/16/2021 9:10
Google News - Top world & local news headlines,com.google.android.apps.magazines,News & Magazines,4.1,201058,"1,000,000,000+",1000000000,2961820154,TRUE,0,USD,Varies with device,Varies with device,Google LLC,https://news.google.com/about,apps-help@google.com,27-Jun-12,15-Jun-21,Teen,http://www.google.com/policies/privacy,TRUE,FALSE,FALSE,6/16/2021 14:21
Briefing,flipboard.boxer.app,News & Magazines,3.9,660738,"1,000,000,000+",1000000000,1400441959,TRUE,0,USD,18M,5.0 and up,Flipboard,http://www.flipboard.com,play-store-support@flipboard.com,13-May-15,8-Jun-21,Everyone 10+,https://about.flipboard.com/privacy/,TRUE,FALSE,FALSE,6/16/2021 3:20
"Flipboard - Latest News, Top Stories & Lifestyle",flipboard.app,News & Magazines,4.1,1397072,"500,000,000+",500000000,794295006,TRUE,0,USD,Varies with device,Varies with device,Flipboard,https://about.flipboard.com/help-center/,play-store-support@flipboard.com,21-Jun-12,10-Jun-21,Everyone 10+,http://www.flipboard.com/privacy,TRUE,FALSE,TRUE,6/16/2021 7:06
upday for Samsung - Zeropage,de.axelspringer.yana.zeropage,News & Magazines,3.7,45684,"100,000,000+",100000000,187089891,TRUE,0,USD,23M,5.0 and up,upday GmbH & Co. KG,https://www.upday.com/,developer@upday.com,,14-Jun-21,Everyone 10+,https://prod.yana.asideas.de/legal/legal-en.html#privacy,TRUE,FALSE,FALSE,6/15/2021 20:48
"Dailyhunt - Latest Local & National News, Videos",com.eterno,News & Magazines,4.2,1402711,"100,000,000+",100000000,168615253,TRUE,0,USD,Varies with device,Varies with device,"India ka app, India ke liye!",https://m.dailyhunt.in,YourFriends@dailyhunt.in,28-Sep-10,15-Jun-21,Teen,http://www.dailyhunt.in/privacy/,TRUE,FALSE,FALSE,6/16/2021 3:10
شرطة الأطفال - مكالمة وهمية,com.oubapps.po.ch,Parenting,4.1,124279,"10,000,000+",10000000,36058501,TRUE,0,USD,8.8M,4.2 and up,Oub Apps,https://www.facebook.com/Real.Dream.Apps,real.dream.apps@gmail.com,19-May-14,15-Feb-21,Everyone,http://arabicoil.in/pp/privacy_policy.pdf,TRUE,FALSE,FALSE,6/16/2021 7:58
"Pregnancy + | tracker app, week by week in 3D",com.hp.pregnancy.lite,Parenting,4.8,1366658,"10,000,000+",10000000,28050322,TRUE,0,USD,52M,5.0 and up,Philips Consumer Lifestyle B.V.,https://philips-digital.com/,support@health-and-parenting.com,28-Jan-13,9-Jun-21,Everyone,https://info.health-and-parenting.com/PrivacyNotice?locale=en&country=US,TRUE,TRUE,FALSE,6/16/2021 1:52
Find My Kids: Child Cell Phone Location Tracker,org.findmykids.app,Parenting,4.5,458653,"10,000,000+",10000000,27803570,TRUE,0,USD,49M,5.0 and up,GEO TRACK TECHNOLOGIES INC,https://findmykids.org,support@findmykids.org,17-Jun-15,15-Jun-21,Everyone,https://findmykids.org/docs/privacy-policy/android/en,FALSE,TRUE,FALSE,6/16/2021 6:17
Pregnancy Tracker + Countdown to Baby Due Date,com.babycenter.pregnancytracker,Parenting,4.8,1151270,"10,000,000+",10000000,25907607,TRUE,0,USD,Varies with device,5.0 and up,BabyCenter,http://www.babycenter.com,customerservice@babycenter.com,11-Mar-11,17-May-21,Everyone,http://www.babycenter.com/help-privacy,TRUE,FALSE,FALSE,6/16/2021 3:26
Be Closer - Share your location,com.becloser,Parenting,4.2,61528,"10,000,000+",10000000,21269898,TRUE,0,USD,85M,5.0 and up,Agromart Dev,,publisheragromartdev@gmail.com,5-Feb-19,23-Apr-21,Everyone,https://agromartdev.b-cdn.net/Agromart%20Policy.html,TRUE,TRUE,FALSE,6/16/2021 4:30
Samsung One UI Home,com.sec.android.app.launcher,Personalization,4,262669,"1,000,000,000+",1000000000,2158959897,TRUE,0,USD,Varies with device,Varies with device,"Samsung Electronics Co.,  Ltd.",,noreply.sec@samsung.com,14-Jun-12,16-Sep-19,Everyone,https://account.samsung.com/membership/pp,FALSE,FALSE,FALSE,6/16/2021 0:21
Themes,com.huawei.android.thememanager,Personalization,3.7,110361,"500,000,000+",500000000,645246525,TRUE,0,USD,62M,8.0 and up,"Huawei Technologies Co., Ltd.",http://www.huawei.com,hwthemes@huawei.com,15-Nov-18,1-Apr-20,Everyone,https://consumer.huawei.com/en/legal/privacy-policy/,FALSE,FALSE,FALSE,6/16/2021 2:57
Wallpapers,com.google.android.apps.wallpaper,Personalization,4.1,174211,"100,000,000+",100000000,436643263,TRUE,0,USD,Varies with device,Varies with device,Google LLC,http://www.android.com/,wallpapers-support@google.com,19-Oct-16,9-Sep-20,Everyone,http://www.google.com/policies/privacy,FALSE,FALSE,FALSE,6/16/2021 11:09
ZEDGE™ Wallpapers & Ringtones,net.zedge.android,Personalization,4.4,8798409,"100,000,000+",100000000,426891623,TRUE,0,USD,33M,5.0 and up,Zedge,https://www.zedge.net/,android@zedge.net,,2-Jun-21,Teen,https://zedge.net/privacy,TRUE,TRUE,FALSE,6/16/2021 0:27
Moto Actions,com.motorola.actions,Personalization,4.2,93615,"100,000,000+",100000000,333421008,TRUE,0,USD,Varies with device,Varies with device,Motorola Mobility LLC.,http://www.motorola.com,playstor@motorola.com,16-Sep-14,10-Jun-21,Everyone,http://www.motorola.com/device-privacy,FALSE,FALSE,FALSE,6/16/2021 12:18
Google Photos,com.google.android.apps.photos,Photography,4.5,35369236,"5,000,000,000+",5000000000,5754179589,TRUE,0,USD,Varies with device,Varies with device,Google LLC,https://support.google.com/photos,apps-help@google.com,28-May-15,14-Jun-21,Everyone,http://www.google.com/policies/privacy,FALSE,FALSE,FALSE,6/16/2021 6:00
Samsung Gallery,com.sec.android.gallery3d,Photography,4.5,2508082,"1,000,000,000+",1000000000,2123105347,TRUE,0,USD,20M,7.0 and up,"Samsung Electronics Co.,  Ltd.",,noreply.sec@samsung.com,15-Aug-17,8-Mar-19,Everyone,http://www.samsung.com/us/common/privacy.html,FALSE,FALSE,FALSE,6/15/2021 21:11
"PicsArt Photo Editor: Pic, Video & Collage Maker",com.picsart.studio,Photography,4.2,10623415,"500,000,000+",500000000,831745347,TRUE,0,USD,Varies with device,Varies with device,PicsArt,https://picsart.com,support@picsart.com,4-Nov-11,11-Jun-21,Teen,https://picsart.com/privacy-policy,TRUE,TRUE,TRUE,6/16/2021 10:14
B612 - Best Free Camera & Photo/Video Editor,com.linecorp.b612.android,Photography,4.3,7112682,"500,000,000+",500000000,693637463,TRUE,0,USD,Varies with device,Varies with device,"SNOW, Inc.",http://b612.snow.me/,dl_b612_support@snowcorp.com,9-Oct-14,6-Jun-21,Everyone,https://b612.snow.me/help/privacyPolicy,FALSE,FALSE,FALSE,6/16/2021 7:47
BeautyPlus - Best Selfie Cam & Easy Photo Editor,com.commsource.beautyplus,Photography,4.3,4724643,"100,000,000+",100000000,415221607,TRUE,0,USD,147M,5.0 and up,PIXOCIAL TECHNOLOGY (SINGAPORE) PTE. LTD.,https://app.beautyplus.com,support@beautyplus.com,14-Jul-13,4-Jun-21,Everyone,https://h5.mr.meitu.com/agreement/beautyPlus/#/privacy,TRUE,TRUE,FALSE,6/16/2021 10:59
Google Drive,com.google.android.apps.docs,Productivity,4.3,639307,"5,000,000,000+",5000000000,7028265259,TRUE,0,USD,Varies with device,Varies with device,Google LLC,https://support.google.com/drive/?p=android_drive_help,apps-help@google.com,27-Apr-11,9-Jun-21,Everyone,http://www.google.com/policies/privacy,FALSE,TRUE,FALSE,6/16/2021 10:39
Google Calendar,com.google.android.calendar,Productivity,4.3,1685331,"1,000,000,000+",1000000000,2651720962,TRUE,0,USD,Varies with device,Varies with device,Google LLC,http://support.google.com/calendar?p=mobilesync,apps-help@google.com,17-Oct-12,14-Jun-21,Everyone,http://www.google.com/policies/privacy,FALSE,FALSE,FALSE,6/16/2021 0:10
Microsoft OneDrive,com.microsoft.skydrive,Productivity,4.5,2276634,"1,000,000,000+",1000000000,2056017889,TRUE,0,USD,Varies with device,6.0 and up,Microsoft Corporation,https://aka.ms/OneDriveOnAndroid,odrvhelp@microsoft.com,28-Aug-12,5-Jun-21,Everyone,http://go.microsoft.com/fwlink/p/?LinkId=253457,FALSE,TRUE,FALSE,6/16/2021 12:57
"Microsoft Word: Write, Edit & Share Docs on the Go",com.microsoft.office.word,Productivity,4.4,6069862,"1,000,000,000+",1000000000,1651577965,TRUE,0,USD,Varies with device,Varies with device,Microsoft Corporation,https://products.office.com,officean@microsoft.com,6-Jan-15,20-May-21,Everyone,http://go.microsoft.com/fwlink/?LinkID=507380,FALSE,TRUE,FALSE,6/16/2021 8:34
Samsung Email,com.samsung.android.email.provider,Productivity,4.3,1888256,"1,000,000,000+",1000000000,1616141394,TRUE,0,USD,26M,8.0 and up,"Samsung Electronics Co.,  Ltd.",,b2b.sec@samsung.com,15-Jan-17,7-Apr-21,Everyone,https://account.samsung.com/membership/pp,FALSE,FALSE,FALSE,6/15/2021 20:35
Block Puzzle Jewel,com.differencetenderwhite.skirt,Puzzle,4.3,1562506,"100,000,000+",100000000,274250384,TRUE,0,USD,19M,4.1 and up,hua weiwei,http://huaweiwei.net/,hucuawe@gmail.com,29-Jan-16,23-Mar-21,Everyone,https://sites.google.com/site/blockpuzzlejewel/,TRUE,FALSE,FALSE,6/16/2021 6:41
Sand Balls - Puzzle Game,com.water.balls,Puzzle,4.2,1405069,"100,000,000+",100000000,227806096,TRUE,0,USD,50M,4.4 and up,SayGames,https://saygames.by,info@saygames.by,19-Jul-19,31-May-21,Everyone,https://saygames.by/privacy-policy/sandballs,TRUE,TRUE,FALSE,6/16/2021 7:05
Happy Glass,com.game5mobile.lineandwater,Puzzle,4,971774,"100,000,000+",100000000,222711248,TRUE,0,USD,67M,4.4 and up,Lion Studios,http://www.lionstudios.cc,game5mobile@lionstudios.cc,28-Aug-18,16-Feb-21,Everyone,https://lionstudios.cc/privacy/,TRUE,TRUE,FALSE,6/16/2021 2:06
Fishdom,com.playrix.fishdomdd.gplay,Puzzle,4.4,4908403,"100,000,000+",100000000,220780998,TRUE,0,USD,142M,4.2 and up,Playrix,https://www.playrix.com/fishdom/index.html,fishdom@playrix.com,2-Mar-16,8-Jun-21,Everyone,https://www.playrix.com/privacy/index.html,TRUE,TRUE,TRUE,6/16/2021 2:37
Cut the Rope,com.zeptolab.ctr.ads,Puzzle,4.5,2569596,"100,000,000+",100000000,216636194,TRUE,0,USD,50M,4.4 and up,ZeptoLab,http://zeptolab.com,support@zeptolab.com,27-Mar-12,20-Feb-21,Everyone,https://www.zeptolab.com/pp.htm,TRUE,TRUE,FALSE,6/16/2021 2:33
Hill Climb Racing,com.fingersoft.hillclimb,Racing,4.2,10205496,"500,000,000+",500000000,780030129,TRUE,0,USD,59M,4.4 and up,Fingersoft,https://www.fingersoft.com,support@fingersoft.com,22-Sep-12,11-Jun-21,Everyone,http://www.fingersoft.com/privacy.html,TRUE,TRUE,FALSE,6/16/2021 7:16
Dr. Driving,com.ansangha.drdriving,Racing,4.2,6074695,"100,000,000+",100000000,437455768,TRUE,0,USD,12M,4.1 and up,SUD Inc.,http://www.studioupdown.com/,updown.an@gmail.com,19-Jun-13,14-Sep-20,Teen,http://blog.naver.com/anupdown/221361918901,TRUE,TRUE,FALSE,6/16/2021 14:32
Extreme Car Driving Simulator,com.aim.racing,Racing,4.3,3637681,"100,000,000+",100000000,390951656,TRUE,0,USD,69M,4.4 and up,AxesInMotion Racing,http://www.axesinmotion.com,support@axesinmotion.com,15-Jul-14,29-Apr-21,Everyone,http://www.axesinmotion.com/privacy,TRUE,TRUE,FALSE,6/16/2021 8:35
Traffic Rider,com.skgames.trafficrider,Racing,4.3,7596304,"100,000,000+",100000000,361017652,TRUE,0,USD,109M,5.0 and up,Soner Kara,http://skgames.com,trafficridergame@gmail.com,11-Jan-16,17-Jul-20,Everyone,http://www.skgames.net/privacy-policy,TRUE,TRUE,FALSE,6/16/2021 11:18
Fun Race 3D,com.slippy.linerusher,Racing,4.2,2237452,"100,000,000+",100000000,340370012,TRUE,0,USD,Varies with device,5.0 and up,Good Job Games,https://goodjobgames.com,contact@goodjobgames.com,28-May-19,2-Dec-20,Everyone,http://privacy.goodjobgames.com/,TRUE,TRUE,FALSE,6/16/2021 5:14
Cat Runner: Decorate Home,com.solou.catendless.run,Role Playing,4.2,340662,"100,000,000+",100000000,153947521,TRUE,0,USD,67M,4.4 and up,Ivy,http://www.ivymobilegame.com,help@ivymobile.com,3-Nov-17,21-May-21,Teen,https://sites.google.com/site/ivyprivacypolicy/,TRUE,TRUE,FALSE,6/16/2021 9:00
Flight Pilot Simulator 3D Free,com.fungames.flightpilot,Role Playing,4.2,2656063,"100,000,000+",100000000,126684225,TRUE,0,USD,90M,4.4 and up,Fun Games For Free,https://www.fungames-forfree.com/games/flightpilot,support+flightpilot@fungames-forfree.com,23-Feb-15,28-May-21,Everyone,https://www.fungames-forfree.com/games/flightpilot/legal/privacy,TRUE,TRUE,TRUE,6/16/2021 4:35
"My Bakery Empire - Bake, Decorate & Serve Cakes",com.cocoplay.sweet.bakery,Role Playing,4.2,518481,"100,000,000+",100000000,117443797,TRUE,0,USD,53M,4.4 and up,Coco Play By TabTale,https://www.tabtale.com/,support@tabtale.com,3-Oct-17,15-Apr-21,Teen,https://crazylabs.com/privacy-policy/,TRUE,TRUE,FALSE,6/16/2021 12:21
Shadow Fight 3 - RPG fighting game,com.nekki.shadowfight3,Role Playing,4.3,3187733,"100,000,000+",100000000,109489960,TRUE,0,USD,115M,4.4 and up,Nekki - Action and Fighting Games,http://www.nekki.com,support@nekki.mail.helpshift.com,16-Nov-17,25-Mar-21,Everyone 10+,http://nekki.ru/privacy.php,TRUE,TRUE,TRUE,6/15/2021 23:40
MARVEL Future Fight,com.netmarble.mherosgb,Role Playing,4,2879954,"50,000,000+",50000000,95239736,TRUE,0,USD,81M,4.1 and up,Netmarble,http://company.netmarble.com/en,netmarbles@igsinc.co.kr,29-Apr-15,24-May-21,Teen,http://help.netmarble.com/policy/privacy_policy.asp,FALSE,TRUE,TRUE,6/16/2021 9:33
Wish - Shopping Made Fun,com.contextlogic.wish,Shopping,4.6,12955678,"500,000,000+",500000000,581776749,TRUE,0,USD,27M,5.0 and up,Wish Inc.,http://www.wish.com,support@wish.com,26-Jul-12,10-Jun-21,Teen,http://www.wish.com/privacy_policy,FALSE,FALSE,FALSE,6/16/2021 10:32
AliExpress,com.alibaba.aliexpresshd,Shopping,4.6,11805765,"100,000,000+",100000000,499047189,TRUE,0,USD,99M,5.0 and up,Alibaba Mobile,https://aliexpress.com,developer.android@aliexpress.com,27-Sep-12,27-May-21,Teen,http://terms.alicdn.com/legal-agreement/terms/suit_bu1_aliexpress/suit_bu1_aliexpress201909171350_82407.html,FALSE,FALSE,TRUE,6/16/2021 5:48
"Amazon Shopping - Search, Find, Ship, and Save",com.amazon.mShop.android.shopping,Shopping,4.6,2341693,"100,000,000+",100000000,480460960,TRUE,0,USD,Varies with device,7.0 and up,Amazon Mobile LLC,https://www.amazon.com,feedback-amazon-app-android@amazon.com,10-Dec-14,8-Jun-21,Teen,https://www.amazon.com/gp/help/customer/display.html?ie=UTF8&nodeId=468496,TRUE,FALSE,FALSE,6/16/2021 6:02
Flipkart Online Shopping App,com.flipkart.android,Shopping,4.4,18956756,"100,000,000+",100000000,357436703,TRUE,0,USD,40M,5.1 and up,Flipkart,http://www.flipkart.com,app-feedback@flipkart.com,2-Jul-11,14-Jun-21,Teen,https://www.flipkart.com/pages/privacypolicy,TRUE,FALSE,FALSE,6/15/2021 23:23
"eBay: Buy, sell, and save on brands you love",com.ebay.mobile,Shopping,4.7,3862416,"100,000,000+",100000000,302087728,TRUE,0,USD,Varies with device,Varies with device,eBay Mobile,http://www.ebay.com,androidhelp@ebay.com,17-Feb-10,9-Jun-21,Teen,http://ebay.to/1ur6UQ4,TRUE,FALSE,TRUE,6/16/2021 0:18
The Sims FreePlay,com.ea.games.simsfreeplay_row,Simulation,4,5545972,"100,000,000+",100000000,189421569,TRUE,0,USD,38M,4.1 and up,ELECTRONIC ARTS,http://www.ea.com/android,help@eamobile.com,,11-Jun-21,Teen,http://privacy.ea.com/en,TRUE,TRUE,FALSE,6/16/2021 6:15
Vegas Crime Simulator,com.mgc.miami.crime.simulator.two,Simulation,4.2,1215739,"100,000,000+",100000000,172102967,TRUE,0,USD,90M,4.1 and up,Naxeex Ltd,http://naxeex.com,feedback@naxeex.com,3-Jun-15,27-May-21,Mature 17+,https://naxeex.com/privacy-policy/,TRUE,TRUE,FALSE,6/16/2021 8:09
Dragon City Mobile,es.socialpoint.DragonCity,Simulation,4.6,8424191,"100,000,000+",100000000,165592452,TRUE,0,USD,133M,4.4 and up,Socialpoint,http://www.socialpoint.es,info@socialpoint.es,3-Jul-13,10-Jun-21,Everyone,https://www.take2games.com/privacy/,TRUE,TRUE,TRUE,6/16/2021 3:53
Bike Stunt Race 3d Bike Racing Games – Bike game,com.knights.bikesstunt.motomaster,Simulation,4.1,172583,"100,000,000+",100000000,124499897,TRUE,0,USD,52M,4.1 and up,The Knights Pvt Ltd,http://www.theknights.com.pk,knights.techhelp@gmail.com,15-Oct-17,22-May-21,Everyone,https://www.theknights.com.pk/privacy-policy/,TRUE,TRUE,FALSE,6/16/2021 0:46
Episode - Choose Your Story,com.episodeinteractive.android.catalog,Simulation,4.3,3636696,"100,000,000+",100000000,122869683,TRUE,0,USD,87M,6.0 and up,Episode Interactive,https://pocketgems.com/episode/,episode.support@pocketgems.zendesk.com,20-Feb-14,9-Jun-21,Teen,http://episode-app.tumblr.com/post/66744877212/privacy-policy,TRUE,TRUE,FALSE,6/16/2021 8:55
Facebook,com.facebook.katana,Social,2.3,117850066,"5,000,000,000+",5000000000,6782619635,TRUE,0,USD,Varies with device,Varies with device,Facebook,https://www.facebook.com/facebook,facebook.android@fb.com,,16-Jun-21,Teen,https://www.facebook.com/about/privacy/,TRUE,TRUE,FALSE,6/16/2021 11:40
Currents,com.google.android.apps.plus,Social,4,6359366,"1,000,000,000+",1000000000,3929716163,TRUE,0,USD,Varies with device,5.0 and up,Google LLC,https://support.google.com/plus/?hl=en#topic=6320382,apps-help@google.com,28-Jun-11,7-Jun-21,Teen,http://www.google.com/policies/privacy,FALSE,FALSE,FALSE,6/16/2021 14:03
Instagram,com.instagram.android,Social,3.8,120206190,"1,000,000,000+",1000000000,3559871277,TRUE,0,USD,Varies with device,Varies with device,Instagram,http://help.instagram.com/,android-support@instagram.com,3-Apr-12,14-Jun-21,Teen,http://instagram.com/legal/privacy/,TRUE,TRUE,TRUE,6/16/2021 1:33
Facebook Lite,com.facebook.lite,Social,3.1,18544036,"1,000,000,000+",1000000000,2072296494,TRUE,0,USD,Varies with device,Varies with device,Facebook,https://www.facebook.com/facebook,lite-android-support@fb.com,15-Mar-18,14-Jun-21,Teen,https://www.facebook.com/about/privacy/,TRUE,FALSE,FALSE,6/16/2021 12:28
TikTok,com.zhiliaoapp.musically,Social,4.4,36446381,"1,000,000,000+",1000000000,1645811582,TRUE,0,USD,89M,4.4 and up,TikTok Pte. Ltd.,https://www.tiktok.com/,feedback@tiktok.com,9-Jul-15,15-Jun-21,Teen,https://www.tiktok.com/legal/privacy-policy,TRUE,TRUE,FALSE,6/15/2021 21:24
8 Ball Pool,com.miniclip.eightballpool,Sports,4.4,21754025,"500,000,000+",500000000,747308036,TRUE,0,USD,67M,4.4 and up,Miniclip.com,https://support.miniclip.com/hc/en-us/categories/360003499257-8-Ball-Pool-,support@miniclip.com,23-Jan-13,7-Jun-21,Everyone,http://www.miniclip.com/android/privacy-policy/,TRUE,TRUE,TRUE,6/16/2021 9:26
Pooking - Billiards City,com.billiards.city.pool.nation.club,Sports,4.4,2671414,"100,000,000+",100000000,280522436,TRUE,0,USD,43M,4.1 and up,MOUNTAIN GAME,http://billiardscity.net/,zhangli332211@gmail.com,15-May-17,16-Jun-21,Everyone,https://sites.google.com/site/billiardscityprivacy/,TRUE,FALSE,FALSE,6/16/2021 11:35
FIFA Soccer,com.ea.gp.fifamobile,Sports,4.2,7493304,"100,000,000+",100000000,259164378,TRUE,0,USD,90M,6.0 and up,ELECTRONIC ARTS,http://www.ea.com/android,help@eamobile.com,10-Oct-16,9-Jun-21,Everyone,http://privacy.ea.com/en,FALSE,TRUE,TRUE,6/15/2021 23:36
Score! Hero,com.firsttouchgames.story,Sports,4.2,6869099,"100,000,000+",100000000,238877133,TRUE,0,USD,95M,4.4 and up,First Touch Games Ltd.,http://www.ftgames.com,support@ftgames.com,19-Nov-15,6-Apr-21,Everyone,https://www.ftgames.com/privacy-policy,TRUE,TRUE,FALSE,6/16/2021 12:31
Carrom Pool: Disc Game,com.miniclip.carrom,Sports,4.2,3240382,"100,000,000+",100000000,228781524,TRUE,0,USD,36M,4.4 and up,Miniclip.com,https://support.miniclip.com/hc/en-us/categories/360001097533,support@miniclip.com,26-Mar-19,17-May-21,Everyone,http://www.miniclip.com/android/privacy-policy/,TRUE,TRUE,FALSE,6/15/2021 23:11
Clash of Clans,com.supercell.clashofclans,Strategy,4.5,56025424,"500,000,000+",500000000,643789632,TRUE,0,USD,182M,4.4 and up,Supercell,http://supercell.helpshift.com/a/clash-of-clans/,gp-info@supercell.com,30-Sep-13,9-Jun-21,Everyone 10+,http://www.supercell.net/privacy-policy,FALSE,TRUE,TRUE,6/16/2021 3:26
Clash Royale,com.supercell.clashroyale,Strategy,4.2,31018623,"100,000,000+",100000000,405849099,TRUE,0,USD,133M,4.1 and up,Supercell,http://supercell.helpshift.com/a/clash-royale/,gp-info@supercell.com,1-Mar-16,10-Jun-21,Everyone 10+,http://www.supercell.net/privacy-policy,FALSE,TRUE,TRUE,6/16/2021 0:21
Plants vs. Zombies FREE,com.ea.game.pvzfree_row,Strategy,4.3,5175621,"100,000,000+",100000000,377203720,TRUE,0,USD,95M,4.4 and up,ELECTRONIC ARTS,http://ea.com/android,help@eamobile.com,13-Nov-14,14-Apr-21,Everyone 10+,http://privacy.ea.com/en,TRUE,TRUE,FALSE,6/15/2021 23:57
Lords Mobile: Tower Defense,com.igg.android.lordsmobile,Strategy,4.3,6608537,"100,000,000+",100000000,316586554,TRUE,0,USD,82M,4.0.3 and up,IGG.COM,http://www.igg.com,help.lordsmobile.android@igg.com,21-Mar-16,2-Jun-21,Everyone 10+,https://policies.igg.com/privacy_policy,FALSE,TRUE,TRUE,6/16/2021 0:04
Stick War: Legacy,com.maxgames.stickwarlegacy,Strategy,4.5,2015945,"100,000,000+",100000000,153877143,TRUE,0,USD,102M,4.4 and up,Max Games Studios,http://www.maxgames.com,mobile@maxgames.com,31-Jan-16,2-May-21,Teen,http://www.maxgames.com/privacy/stickwarlegacy.html,TRUE,TRUE,FALSE,6/16/2021 5:42
Google Play services,com.google.android.gms,Tools,4.2,35128398,"10,000,000,000+",10000000000,12057627016,TRUE,0,USD,Varies with device,Varies with device,Google LLC,https://developers.google.com/android/google-play-services/,apps-help@google.com,24-May-12,10-Jun-21,Everyone,http://www.google.com/policies/privacy,FALSE,FALSE,FALSE,6/16/2021 10:41
Google,com.google.android.googlequicksearchbox,Tools,4.2,19798962,"5,000,000,000+",5000000000,9154248491,TRUE,0,USD,Varies with device,Varies with device,Google LLC,https://www.google.com/search/about/,apps-help@google.com,12-Aug-10,11-Jun-21,Everyone,http://www.google.com/policies/privacy,TRUE,FALSE,FALSE,6/16/2021 5:12
Google Text-to-Speech,com.google.android.tts,Tools,4.1,254700,"5,000,000,000+",5000000000,9034404884,TRUE,0,USD,Varies with device,Varies with device,Google LLC,http://www.google.com/,tts-feedback@google.com,10-Oct-13,29-Mar-21,Everyone,http://www.google.com/policies/privacy,FALSE,FALSE,FALSE,6/16/2021 13:16
Android Accessibility Suite,com.google.android.marvin.talkback,Tools,4.2,2666450,"5,000,000,000+",5000000000,7408134567,TRUE,0,USD,Varies with device,Varies with device,Google LLC,https://developer.android.com/guide/topics/ui/accessibility,apps-help@google.com,,19-May-21,Everyone,http://www.google.com/policies/privacy,FALSE,FALSE,FALSE,6/16/2021 8:36
Android System WebView,com.google.android.webview,Tools,4,6045686,"1,000,000,000+",1000000000,4764329349,TRUE,0,USD,Varies with device,Varies with device,Google LLC,http://www.android.com,apps-help@google.com,10-Mar-15,14-Jun-21,Everyone,,FALSE,FALSE,FALSE,6/16/2021 0:17
Google Maps - Navigate & Explore,com.google.android.apps.maps,Travel & Local,3.8,13576045,"5,000,000,000+",5000000000,9141671889,TRUE,0,USD,Varies with device,Varies with device,Google LLC,http://maps.google.com/about/,apps-help@google.com,,15-Jun-21,Everyone,http://www.google.com/policies/privacy,TRUE,FALSE,TRUE,6/16/2021 4:38
Google Street View,com.google.android.street,Travel & Local,4.2,2311151,"1,000,000,000+",1000000000,1719820254,TRUE,0,USD,Varies with device,Varies with device,Google LLC,http://www.google.com/mobile/maps/,apps-help@google.com,9-Sep-10,15-Jun-21,Everyone,http://www.google.com/policies/privacy,FALSE,FALSE,FALSE,6/16/2021 4:32
Google Maps Go,com.google.android.apps.mapslite,Travel & Local,3.8,163979,"100,000,000+",100000000,495819547,TRUE,0,USD,2.3M,4.4 and up,Google LLC,https://maps.google.com/about/,apps-help@google.com,6-Feb-18,17-Feb-21,Everyone,http://www.google.com/policies/privacy,TRUE,FALSE,FALSE,6/16/2021 3:41
Booking.com: Hotels and more,com.booking,Travel & Local,4.7,2965264,"100,000,000+",100000000,416069452,TRUE,0,USD,Varies with device,Varies with device,Booking.com Hotels & Vacation Rentals,http://www.booking.com/apps.html?source=googleplay,customer.service@booking.com,4-Feb-11,15-Jun-21,Everyone,http://www.booking.com/content/privacy.html,FALSE,FALSE,TRUE,6/16/2021 4:16
Google Earth,com.google.earth,Travel & Local,4.3,601272,"100,000,000+",100000000,412118070,TRUE,0,USD,Varies with device,Varies with device,Google LLC,http://www.google.com/earth/,apps-help@google.com,22-Feb-10,9-Jun-21,Everyone,http://www.google.com/policies/privacy,FALSE,FALSE,FALSE,6/16/2021 5:45
Trivia Crack,com.etermax.preguntados.lite,Trivia,4.3,7345935,"100,000,000+",100000000,223749728,TRUE,0,USD,136M,5.0 and up,etermax,https://www.etermax.com,help@etermax.com,24-Oct-13,14-Jun-21,Everyone,http://www.triviacrack.com/privacy,TRUE,TRUE,TRUE,6/16/2021 5:44
Brain Test: Tricky Puzzles,com.unicostudio.braintest,Trivia,4.6,4187652,"100,000,000+",100000000,135197533,TRUE,0,USD,80M,4.4 and up,Unico Studio,https://unicostudio.co/,unicostudioco@gmail.com,21-Nov-19,18-May-21,Everyone,https://unicostudio.co/privacy.html,TRUE,TRUE,FALSE,6/15/2021 23:48
Logo Quiz,logos.quiz.companies.game,Trivia,4.3,1183709,"50,000,000+",50000000,76980094,TRUE,0,USD,31M,4.1 and up,bubble quiz games,http://www.logos-quiz.com,contact@logos-quiz.com,28-May-12,17-Apr-20,Everyone,https://www.iubenda.com/privacy-policy/8017748,TRUE,TRUE,FALSE,6/16/2021 8:10
Brain Test 2: Tricky Stories,com.unicostudio.braintest2new,Trivia,4.6,856811,"10,000,000+",10000000,49570439,TRUE,0,USD,89M,4.4 and up,Unico Studio,https://unicostudio.co/,unicostudioco@gmail.com,16-May-20,8-Jun-21,Everyone 10+,https://unicostudio.co/privacy.html,TRUE,TRUE,FALSE,6/16/2021 10:19
Free Trivia Game. Questions & Answers. QuizzLand.,com.xmonetize.quizzland,Trivia,4.7,696492,"10,000,000+",10000000,42952264,TRUE,0,USD,60M,4.4 and up,mnoGoApps | Quiz & Trivia Games,http://quizz.land/,contact@quizz.land,14-Feb-18,1-Jun-21,Everyone,http://quizz.land/Home/Privacy,TRUE,TRUE,FALSE,6/16/2021 0:32
YouTube,com.google.android.youtube,Video Players & Editors,4.4,112440547,"5,000,000,000+",5000000000,9766230924,TRUE,0,USD,Varies with device,Varies with device,Google LLC,https://support.google.com/youtube/topic/2422554?rd=1,ytandroid-support@google.com,20-Oct-10,16-Jun-21,Teen,http://www.google.com/policies/privacy,TRUE,FALSE,FALSE,6/16/2021 10:28
Google TV (previously Play Movies & TV),com.google.android.videos,Video Players & Editors,4,1825673,"5,000,000,000+",5000000000,6156518915,TRUE,0,USD,Varies with device,Varies with device,Google LLC,http://support.google.com/googleplay,apps-help@google.com,3-Jun-11,14-Jun-21,Teen,http://www.google.com/policies/privacy,FALSE,FALSE,FALSE,6/15/2021 23:07
MX Player,com.mxtech.videoplayer.ad,Video Players & Editors,4.2,10655017,"500,000,000+",500000000,957838565,TRUE,0,USD,Varies with device,Varies with device,MX Media (formerly J2 Interactive),http://apps.mxplayer.in/,support@mxplayer.in,18-Jul-11,9-Jun-21,Everyone,https://sites.google.com/site/mxvpen/about/privacy-policy,TRUE,FALSE,FALSE,6/16/2021 1:17
Likee - Let You Shine,video.like,Video Players & Editors,4.3,10718440,"500,000,000+",500000000,781086121,TRUE,0,USD,78M,4.1 and up,LIKEME PTE.LTD.,https://likee.video/,feedback@likee.video,26-Jul-17,9-Jun-21,Teen,https://mobile.like.video/live/page-about/policy.html,FALSE,TRUE,FALSE,6/16/2021 2:23
YouTube Go,com.google.android.apps.youtube.mango,Video Players & Editors,4.2,2087325,"500,000,000+",500000000,657837049,TRUE,0,USD,Varies with device,Varies with device,Google LLC,http://support.google.com/youtubego,ytandroid-support@google.com,,7-Jun-21,Teen,http://www.google.com/intl/en/policies/privacy/,TRUE,FALSE,FALSE,6/16/2021 5:45
Weather - By Xiaomi,com.miui.weather2,Weather,4.5,888372,"500,000,000+",500000000,711617649,TRUE,0,USD,21M,7.0 and up,Xiaomi Inc.,,weatherglobal@xiaomi.com,29-Apr-20,30-Mar-21,Everyone,https://privacy.mi.com/all/en_IN,FALSE,FALSE,FALSE,6/16/2021 2:49
Weather Radar & Live Widget: The Weather Channel,com.weather.Weather,Weather,4.6,2410176,"100,000,000+",100000000,127314938,TRUE,0,USD,Varies with device,Varies with device,The Weather Channel,https://weather.com/,android.support@weather.com,,4-Jun-21,Everyone,https://weather.com/en-US/twc/privacy-policy,TRUE,TRUE,FALSE,6/16/2021 8:20
ASUS Weather,com.asus.weathertime,Weather,4.3,4863,"100,000,000+",100000000,114400378,TRUE,0,USD,Varies with device,Varies with device,"Mobile, ASUSTek Computer Inc.",http://www.asus.com,zenui@asus.com,4-Jul-14,25-Jul-19,Everyone,http://www.asus.com/Terms_of_Use_Notice_Privacy_Policy/Privacy_Policy/,TRUE,FALSE,FALSE,6/15/2021 23:23
AccuWeather: Weather alerts & live forecast info,com.accuweather.android,Weather,4.2,2528696,"100,000,000+",100000000,103141107,TRUE,0,USD,Varies with device,Varies with device,AccuWeather,http://www.accuweather.com,support@accuweather.com,,28-May-21,Everyone,http://m.accuweather.com/en/privacy,TRUE,TRUE,FALSE,6/16/2021 14:33
Weather & Clock Widget for Android,com.devexpert.weather,Weather,4.5,2498195,"50,000,000+",50000000,77854192,TRUE,0,USD,12M,4.2 and up,Interactive Saudi Arabia,https://apps.interactive.sa/weather,app-support@interactive.sa,25-Nov-11,18-Apr-21,Everyone,https://www.devexpert.net/apps/PrivacyPolicy.htm,TRUE,FALSE,FALSE,6/16/2021 12:49
Words of Wonders: Crossword to Connect Vocabulary,com.fugo.wow,Word,4.5,1897173,"100,000,000+",100000000,110758785,TRUE,0,USD,167M,5.0 and up,Fugo Games,http://www.fugo.com.tr,wow@fugo.com.tr,10-Apr-18,26-May-21,Everyone,http://fugo.com.tr/privacypolicy-wordsofwonders.html,TRUE,TRUE,FALSE,6/16/2021 6:01
CodyCross: Crossword Puzzles,com.fanatee.cody,Word,4.4,983754,"50,000,000+",50000000,80312695,TRUE,0,USD,99M,4.4 and up,"Fanatee, Inc.",http://www.fanatee.com,codycross@fanatee.com,5-Apr-17,6-Jun-21,Everyone,https://fanatee.com/privacy-policy,TRUE,TRUE,TRUE,6/15/2021 22:22
Words Story - Addictive Word Game,com.word.game.fun.puzzle.prison.escape.captain,Word,3.7,496177,"50,000,000+",50000000,78881769,TRUE,0,USD,73M,4.1 and up,Great Puzzle Games,https://www.89trillion.com,wordstory@boooea.com,10-Oct-18,15-May-21,Teen,http://www.wordgameplay.com/privacy.html,TRUE,TRUE,FALSE,6/15/2021 22:17
Word search,com.quelaba.sopaletras,Word,4.5,644085,"50,000,000+",50000000,69527450,TRUE,0,USD,2.2M,2.3 and up,AppDrac,http://www.notyx.com,quelaba@gmail.com,15-Jan-14,14-Jan-20,Mature 17+,http://www.notyx.com/publicitat2/privatePolicy.xml,TRUE,FALSE,FALSE,6/16/2021 12:48
Word Search,com.melimots.WordSearch,Word,4.5,390689,"50,000,000+",50000000,66115102,TRUE,0,USD,Varies with device,Varies with device,Melimots,http://www.melimots.com,webmaster@melimots.com,1-Dec-11,16-May-19,Mature 17+,http://www.melimots.com/privacy,TRUE,FALSE,FALSE,6/16/2021 4:29
