AppId,Title,ContentDescription,Installs,Currency,Price,OffersInApp,Name,DeveloperId,Email,Website,Address,GenreId,Genre_Name,ContentRating,ContainsAds,DateReleased,name,id
com.sec.android.app.shealth,Samsung Health,"Start healthy habits for yourself with Samsung Health.Samsung Health has various features to help you manage your health. As the app allows you to automatically record many activities, creating a healthy lifestyle is easier and simpler than ever.Check various health records on the home screen. Easily add and edit the items that you want to manage such as daily steps and activity time.Record and manage your fitness activities, such as running, cycling, swimming, etc. Also, Galaxy Watch wearables user can now exercise more effectively through Life Fitness, Technogym and Corehealth.Create healthy eating habits by recording your daily meals and snacks with Samsung Health.Work hard and always maintain your best condition with Samsung Health. Set goals that work for your own level, and keep track of your daily condition including your activity amount, workout intensity, heart rate, stress, oxygen level in the blood, etc.Monitor your sleep patterns in more detail with Galaxy Watch. Make your mornings more refreshing by improving the quality of your sleep through sleep levels and sleep scores.Challenge yourself against your friends and family to become healthier in a more fun and interactive way with Samsung Health Together.Samsung Health has prepared videos of expert coaches who will teach you new fitness programs including stretching, weight loss, and more.Discover meditation tools on Mindfulness that will help you relieve stress throughout your day. (Some contents are only available through an optional paid subscription. Content is available in English, German, Spanish, French, Portuguese and Korean.)Cycle tracking offers helpful support in menstrual cycle tracking, related symptom management and personalized insights and contents through your partner, Natural Cycles.Samsung Health protects your private health data securely. All Samsung Galaxy models released after August 2016, Knox enabled Samsung Health service will be available. Please note that Knox enabled Samsung Health service will not be available from rooted mobile.Tablets and some mobile devices are not supported, and detailed features may vary depending on the user‚Äôs country of residence, region, network carrier, model of the device, etc.Requires Android 10.0 or later. Supports over 70 languages, including English, French, and Chinese. An English language version is available for the rest of the world.Please note that Samsung Health is intended for fitness and wellness purposes only and is not intended for use in the diagnosis of disease or other conditions, or in the cure, mitigation, treatment, or prevention of disease.The following permissions are required for the app service. For optional permissions, the default functionality of the service is turned on, but not allowed.Required permissions- Phone : Used to confirm your phone number for Together.Optional permissions- Location : Used to collect your location data using the trackers(exercises & steps), Used to display a route map for exercise, and to display the weather during exercise- Body Sensors : Used to measure heart rate, oxygen saturation, and stress (HR&Stress : Galaxy S5~Galaxy S10 / SpO2 : Galaxy Note4~Galaxy S10)- Photos and videos(storage) : You can import/export your exercise data, save exercise photos, save/load food photos- Contacts : Used to check if you are logged into your Samsung account, and to create a friend list for Together- Camera : Used to scan QR codes when you add friends using the Together, and to take photos of foods, and to recognize numbers on a blood glucose meter&blood pressure monitor(Available in some countries only)- Physical activity : Used to count your steps and to detect workouts- Microphone : Used to record audio for snore detection- Nearby devices : Used to scan for and connect to nearby devices, including Galaxy Watches and other accessories- Notifications : Used to provide you with timely information",2031011345,USD,0,False,"Samsung Electronics Co.,  Ltd.",5200379633052405703,noreply.sec@samsung.com,https://www.samsung.com/global/galaxy/apps/samsung-health/,"129, Samsung-ro, Yeongtong-gu, Suwon-si, Gyeonggi-do, 16677, Rep. of KOREA",HEALTH_AND_FITNESS,Health & Fitness,Everyone,False,"Apr 7, 2015",Health & Fitness,HEALTH_AND_FITNESS
nic.goi.aarogyasetu,Aarogya Setu,"Aarogya Setu is a mobile application developed by the Government of India which connects the various essential health services with the people of India. The application is playing a crucial role in our combined fight against COVID-19 and now, has evolved as the National Health application to serve the people of India in an exemplary way. The application has come up with an intuitive User Interface and comprehensive features such as ABHA (Health ID) creation, discovery & linking of health records to enable longitudinal digital health records, Simplified Consent Management for sharing these records, and a Seamless Search feature to find Nearby Hospitals, Labs and Blood Banks. The following are some of the key features of the Aarogya Setu platform:‚óèCreation of ABHA (Ayushman Bharat Health Account) that helps in building and maintaining longitudinal health records and allow accessing your information right from admission to treatment and discharge in a paperless manner‚óèDiscovery and linking of health records, Consent Management for sharing health records‚óèeRaktKosh API (provided by CDAC) integration that allows users to search for nearby Blood Banks and the availability of blood units in real-time for different Blood Groups. Various filters and some crucial information like contact number, email, distance, direction, navigation, etc. are also provided for users‚Äô convenience.‚óèSelf-Assessment test based on ICMR guidelines‚óèFacilitates the Registration of Covid-19 vaccine registration‚óèFacilitates the download of the Covid-19 vaccine certificate‚óèA completely revamped User Interface and User Experience‚óèOpen API based Health Status Check‚óèUpdates, advisory, and best practices related to COVID-19‚óèNation-wide COVID-19 statistics‚óèEmergency COVID-19 Helpline contacts‚óèList of ICMR approved Labs with COVID-19 testing facilities‚óèProvides the infection Status of the User‚óèQR Code scan feature to share Health Status‚óèSupport for over 12 LanguagesKey Permissions required by the App:‚óèCamera permission for scanning QR code‚óèLocation Permission to provide location-based services like nearby blood banks, hospitals, labs, etc.‚óèMedia Permission to allow downloading Health Records, Vaccination Certificate, and others.",185050074,USD,0,False,National Informatics Centre.,9076108670215860604,support.aarogyasetu@gov.in,,"National Informatics Centre, Ministry of Electronics & IT (MeitY)A-Block, Lodhi Road, CGO ComplexNew Delhi-110003",HEALTH_AND_FITNESS,Health & Fitness,Everyone,False,"Apr 11, 2020",Health & Fitness,HEALTH_AND_FITNESS
com.popularapp.periodcalendar,Period Calendar Period Tracker,"‚òÖThe rating 4.9‚òÖ period calendar! Popular in 63 Countries. Trusted by 300 million Users. Keep track of your menstrual cycles with Period Calendar. It tracks your periods, blood flow, cycles, ovulation and the chance of conception. Period tracker helps both women looking to <b>conceive</b> and those trying to <b>birth control</b>. Period Tracker is useful, whether you have <b>irregular periods</b> or regular periods. It can track your <b>chance of pregnancy</b> every day. You can also record your menstrual flow, cervical mucus, BMI, sexual activity, weight, temperature, symptoms or moods. Think of it as your personal period diary. ‚è∞PILL REMINDER & PERIOD REMINDER: - Customize the notification text to make it discreet, to avoid never being embarrassed in public. - Notifications for period, fertility and ovulation tracker - <b>Contraceptive pills</b> reminder (includes pills, ring, patch & injections)üìùPERIOD & FERTILITY TRACKER: - Helps predict menstruation, cycles and ovulation - Ovulation calculator and tracker - Period calculator, fertility calculator and spot on prediction üë∂üèºTRYING TO GET PREGNANT & BIRTH CONTROL APP: - Fertile symptoms tracker, like cervical firmness, cervical mucus, cervical opening - Check your odds of conceiving each day for better family planning - It is the birth control app, spot on tracking the period & fertile days üòäTRACK SYMPTOMS & MOODS: - Intimacy tracker - Body temperature chart helps you determine ovulation date - Predict your ovulation date according to the ovulation test result üì≤NEVER LOSE DATA: - Utilizes <b>Google account</b> data backup and Restoration - Backup and restore your period data to phone or email üîêMULTI ACCOUNT & SECURITY: - Multi accounts to track & security protections - View or search all notes through your timeline SUPPORT FOR WEAR OS COMPLICATIONS & TILES: Period & ovulation prediction, water drinking reminders, and pill reminders are all available by setting up complications and tiles on your wear OS devices.No account creation and real-name registration are required. You can use all of its features anonymously. We place the utmost importance on your data security. Your anonymous data can be synced on your own in an encrypted manner, so you can back up and restore your data with confidence. We respect your right to have full control of your data. You can delete all data with just one click whenever you want. We don‚Äôt collect or store any of your data in any way. Ovulation app It is the reliable ovulation app for ovulation and period tracker, you can check your ovulation calendar, period calendar, it will be more accurate for your usage. Pregnancy apps Looking for pregnancy apps? No satisfied pregnancy apps? Try the best pregnancy app! It helps you easily get pregnant or birth control.",199591031,USD,0,True,Simple Design Ltd.,Simple+Design+Ltd.,support@simpledesign.ltd,https://simpledesign.ltd,"Unit2223, 22/F, Yan's Tower,25 - 27 Wong Chuk Hang RoadAberdeen",HEALTH_AND_FITNESS,Health & Fitness,Everyone,True,"Mar 16, 2012",Health & Fitness,HEALTH_AND_FITNESS
homeworkout.homeworkouts.noequipment,Home Workout - No Equipment,"Home Workouts provides daily workout routines for all your main muscle groups. In just a few minutes a day, you can <b>build muscles and keep fitness at home</b> without having to go to the gym. <b>No equipment</b> or coach needed, all exercises can be performed with just your body weight.The app has workouts for your <b>abs, chest, legs, arms</b> and <b>butt</b> as well as full body workouts. All the workouts are designed by experts. None of them need equipment, so there's no need to go to the gym. Even though it just takes <b>a few minutes a day</b>, it can effectively tone your muscles and help you get six pack abs at home.The warm-up and stretching routines are designed to make sure you exercise in a scientific way. With <b>animations and video guidance</b> for each exercise, you can make sure you use the right form during each exercise. Stick with our home workouts, and you will notice a change in your body in just a few short weeks. üí™ üí™ üí™‚≠ê <b>Features</b> ‚≠ê‚àö Warm-up and stretching routines‚àö Records training progress automatically ‚àö The chart tracks your weight trends ‚àö Customize your workout reminders ‚àö Detailed video and animation guides ‚àö Lose weight with a personal trainer ‚àö Share with your friends on social media Bodybuilding AppLooking for a bodybuilding app? No satisfied bodybuilding app? Try our build muscle app! This build muscle app has effective muscle building workout, and all muscle building workout is designed by expert.Strength Training AppIt's not only just a build muscle app, but also a strength training app. If you are still looking for muscle building workout, muscle building apps or strength training app, this muscle building apps is the best one you can find among the muscle building apps.Fat Burning Workouts & HIIT WorkoutsThe best fat burning workouts & hiit workouts for better body shape. Burn calories with fat burning workouts, and combine with hiit workouts to get the best results.Home Workouts for MenWant effective home workouts for men? We provide different home workouts for men to workout at home. The home workout for men is proven to help you get six pack abs in a short time. You'll find the home workout for men that most suitable for you. Try our home workout for men now!Multiple ExercisesPush ups, squats, sit ups, plank, crunch, wall sit, jumping jacks, punch, triceps dips, lunges...Fitness CoachThe best fitness apps and workout apps. All sport and gym workout in this workout apps and fitness apps are designed by professional fitness coach. Sport and gym workout guide through the exercise, gym workout and sport, just like having a personal fitness coach in your pocket!",257994295,USD,0,True,Leap Fitness Group,Leap+Fitness+Group,support@leap.app,https://z.leap.app,"152 BEACH ROAD #14-02GATEWAY EAST, SINGAPORE",HEALTH_AND_FITNESS,Health & Fitness,Everyone,True,"Nov 8, 2017",Health & Fitness,HEALTH_AND_FITNESS
codematics.universal.tv.remote.control,Universal TV Remote Control,"<b>The No.1 Universal TV Remote Control - Smart and IR Remotes App in more than 100 countries.</b>   For <b>Smart TVs / Devices</b>, the only setting required is to connect your phone as well as your Smart TV / Device to the same Wifi  network.For <b>IR TVs</b>, your phone must have a built-in Infrared (IR) feature for the app to work as a remote control. The IR feature is required to send signals from your phone to the TV set just like a normal TV remote.Now you can <b>Cast media files</b> stored on your mobile phone to your Smart TV screen. <b>Smart TV functionalities</b>>> Voice Search>> Power Control.>> Mute / Volume Control.>> <b>Smart Sharing / Casting:</b> View your Pictures and Videos, and listen to music on your TV.>> Mouse Navigation and Easy Keyboard.>> Input>> Home>> Apps installed on your TV.>> Channel lists / Up / Down.>> Play / Stop / Reverse / Fast Forward.>> Up / Down / Left / Right Navigation.The TOP Universal TV remote control app that has been downloaded and used by more than <b>120 Million users</b> throughout the world. The simplicity which this app offers to its users has been acknowledged and appreciated widely throughout the world.So, Get rid of the annoying regular temper problems caused by:‚Ä¢ Losing your remote, ‚Ä¢ Batteries worn out, ‚Ä¢ Smacking your little sibling for breaking the remote, ‚Ä¢ Biting and / or boiling your batteries in water hoping it would result in magically recharging them, etc.Just right before one of your favourite TV season or show is about to start, OR your favourite sports game is about to begin, OR you want to watch news and your TV remote control is not within your reach.  No setup required. Just select your TV brand and start using it.<b>Very Useful</b>It is always good and easy to use a single Universal remote control device to control all you electronic equipments. As mobile phone has become a major gadget that people always carry with them, so having an application installed on your mobile device that works as a TV remote control will make your life easier. <b>Very easy to Contact Us</b>CodeMatics very cordial Customer Support is here to assist you in anything you need. Our team is working continuously to include maximum TV brands and functionalities. The smart remote control app is being updated accordingly. If your brand is not listed or the TV remote control application is not working with your television, please drop us an email with your TV brand and remote model. We will work on to make this application compatible with your TV brand. <b>Features of Traditional IR Universal Remote Control:</b>‚Ä¢ Power ON / OFF Control.‚Ä¢ AV / TV.‚Ä¢ Mute / Un-Mute.‚Ä¢ Channel Digits buttons.‚Ä¢ Channel index and lists.‚Ä¢ Volume Up Control.‚Ä¢ Volume Down Control.‚Ä¢ Channel Up Control.‚Ä¢ Channel Down Control.‚Ä¢ Menu Button with up / down  and left / right Controls.‚Ä¢ Red / Green / Blue / Yellow (Multiple purpose soft keys).<b>Note:</b> ‚Ä¢ Phone or Tablet with <b>built in IR blaster</b> is required for the Traditional IR TV devices.‚Ä¢ For <b>Smart TVs / devices</b>, both the smartTV device and user's mobile device must be connected to the same network. ‚Ä¢ This app is compatible with the TV brands / models currently available in the app. This is an unofficial TV remote application for these Television brands.‚Ä¢ <b>""Email us""</b> the Model of your TV and we will try our best to make it available as soon as we possibly can. Your patience and positive feedback will be highly appreciated. ENJOY!!!! <b>Your feedback is very important to us.</b>",122527856,USD,0,True,CodeMatics Media Solutions,4664062132977048345,contact.codematics@gmail.com,https://www.codematics.co,"CodeMatics Inc., Office no. 14, KPK IT Park",HOUSE_AND_HOME,House & Home,Everyone,True,"Sep 7, 2015",House & Home,HOUSE_AND_HOME
com.zillow.android.zillowmap,Zillow: Homes For Sale & Rent,"Find tools to buy, sell or rent a home and keep millions of listings right at your fingertips with the Zillow app. Change starts here.BUY A HOME ‚Äì Find your place with immersive photos, virtual tours, and the most listings, including things you won‚Äôt find anywhere else.RENT A HOME ‚Äì From shopping on the largest rental network to automating applications, we‚Äôve created a seamless online experience for renters.The Zillow app gives you resources and tools you won‚Äôt find anywhere else, so you can shop smarter for your next home:‚Ä¢ The most listings and constant updates so you never miss out¬π‚Ä¢ 3D Home Tours so you can picture yourself in a home and narrow down which houses to visit in person ‚Ä¢ Self Tour for Zillow-owned homes, with no appointment and no pressure. Stop by when it‚Äôs convenient and unlock the door with the app‚Ä¢ Zestimate¬Æ, the industry-leading independent home valuation tool, calculated daily‚Ä¢ Robust filters for school districts, views, pricing, pets, HOAs, and more‚Ä¢ Easier co-shopping: Tag your favorite home features and share your favorites to coordinate your search with a partner or roommate‚Ä¢ Push notifications to let you know when houses come to market, have a sale pending, or drop in price ‚Ä¢ Neighborhood details including restaurants, grocery stores, parks, and coffee shops‚Ä¢ Easy access to Zillow Premier Agents, local real estate experts who meet Zillow‚Äôs bar for quality customer service‚Ä¢ All the pricing and details you need to compare homes & apartments for rent ‚Ä¢ A personal renter profile so you can visit a house rental and engage directly with potential landlords and property managers who rent homes1. Most listing based on direct site comparisons",52511989,USD,0,False,Zillow,9009299467586107971,androidfeedback@zillow.com,http://www.zillow.com/android,"1301 Second Avenue, Floor 31,Seattle, WA 98101",HOUSE_AND_HOME,House & Home,Everyone,True,"Mar 17, 2010",House & Home,HOUSE_AND_HOME
com.planner5d.planner5d,"Planner 5D: Home Design, Decor","Create beautiful interior designs for your room or house with Planner 5D, a floor plan creator app offering more than 6,723 elements to redecor your home. Ideal for home design enthusiasts and professionals, this app is your gateway to home makeover, remodel, and renovation dreams. Whether it‚Äôs a sketchup project, a house flipper fantasy, or a spontaneous redecoration, with the help of AR Room visualization and 3D room planner it's easy and fun.Build your dream home with Planner 5D, perfect for house decor and interior design. Use our AR Room visualization or our 3D room planner for your home design interior projects, ensuring every remodel or renovation reflects your unique style. Our app is a haven for those undertaking home renovation, offering endless possibilities to redecor and transform any space.With Planner 5D, you can easily become a virtual house flipper, redesigning and redecorating spaces to your heart's content. Embellish your home design with interior decor like paintings, clocks, vases, and lamps. Use our app for house decor planning, whether it‚Äôs a cozy bedroom, a functional kitchen, or a stylish living room. Redecor and redesign with ease, making each space uniquely yours.For those who love to sketchup, Planner 5D offers the freedom to create and modify floor plans. Perfect for home remodel and renovation projects, our app allows you to visualize your ideas in 3D. Whether it‚Äôs house decor or exterior landscaping, including pools and gardens, Planner 5D makes home design interactive and enjoyable.In addition to home interior design, Planner 5D caters to more than just house decor. Plan and visualize the design of restaurants, cafes, or gyms. It's an all-in-one tool for those who love to redecor, remodel, or are involved in home renovation. Planner 5D bridges the gap between imagination and reality, helping you to sketchup and create the space you've always dreamed of.Join our Planner 5D community, a place where home makeover dreams come true. Share your house flipper and home design interior projects, drawing inspiration for your next big remodel. Inspired by the likes of Houzz and Ikea, Planner 5D is your partner in transforming any space, from a simple redecor task to a comprehensive home renovation project.Start your journey with Planner 5D today and take the first step in your home design, house flipper, or home makeover project. Redefine your living space with style, creativity, and the joy of renovation and decoration!AR-Driven 3D Room Design Feature ‚Äì a simple tool that lets you easily configure a layout with your room dimensions and see the final picture in real size.Design house and room planner app features:- Furniture catalog: lots of items to use in your designs- Realistic snapshots: images of your designs' home and room- Big gallery: ideas of projects and images of designs of homes, rooms, floor plans created, interior decor, and landscape design by our users- Online and Offline: you can use the application to create home and interior design of rooms- Sign in with your planner5d.com, Google+, or Facebook account to use your home design across all platforms- User interface localized in these languages: English, German, French, Italian, Spanish, Portuguese, Russian, Chinese, Japanese- View ideas for your house design using Chromecast (screencast)Take part in the competitions for the best interior design of the room on the theme of the week and get prizes!Planner 5D team is inspired by Houzz, Modsy, Ashley HomeStore, Ikea, Williams-Sonoma, Pepperfry, Rooms to go and other great Home Improvement brandsIF YOU HAVE QUESTIONS OR PROBLEMS:- Use our support form in the About dialog- Contact us at support@planner5d.comFollow us!Facebook- https://www.facebook.com/Planner5DTwitter - https://twitter.com/Planner5DInstagram - https://instagram.com/planner5d/Website - https://planner5d.com""",43843278,USD,0,True,Planner 5D,4677036829894589804,support@planner5d.com,https://planner5d.com,"Antakalnio st. 17, Vilnius 10312, Lithuania",HOUSE_AND_HOME,House & Home,Everyone,True,"May 27, 2015",House & Home,HOUSE_AND_HOME
com.ivuu,AlfredCamera Home Security app,"We are the world's most popular and top-rated security camera app for Android phones, with over 70 million families around the world that have chosen AlfredCamera to turn their old phones into powerful home security cameras.AlfredCamera is well-recognized as:‚è© ‚ÄúMost Innovative App‚Äù Ôºç Google Play (2016)‚è© ‚ÄúMost Popular Utility App‚Äù Ôºç Google Play (2019)‚è© ‚ÄúOne of the Best App Options for Setting up Your Phone as a Security Camera‚Äù Ôºç CNET (Feb 2023)‚è© ‚ÄúHome Protection is Achieved at Low Cost and Without Many Complications‚Äù Ôºç Infobae (June 2021)FEATURESAlfred is an all-in-one security camera app that provides more features than a basic, expensive security camera system. You get a live cam with instant intruder alert, walkie-talkie, and many more features. Whether you‚Äôre looking for a surveillance camera app or webcam app to keep an eye on your belongings, a baby camera app to look after your newborn, a pet cam app or dog camera app to entertain your lovely pets, the AlfredCamera home security camera app is the perfect solution for your smart home.‚è© 24/7 LIVE STREAM: Watch high-quality live video from anywhere with Alfred‚Äôs live camera stream.‚è© SMART INTRUDER ALERT: Get instant alerts when the live camera picks up any movement.‚è© LOW-LIGHT FILTER: Reinforce security when it's dark.‚è© WALKIE-TALKIE: Deter thieves, interact with visitors or pets, and soothe babies.‚è© 360 CAMERA: Cover a larger area with both lenses.‚è© ZOOM, SCHEDULE, REMINDER, TRUST CIRCLE, SIREN, and more...A housekeeper you can really trust! Works smoothly via WiFi, 3G, and LTE.SUPER EASY TO SET UPDIY your own home security camera in 3 minutes. AlfredCamera is the easiest-to-install surveillance camera system with professional-grade features, period.ANYTIME, ANYWHEREUnlike traditional CCTV cameras or home surveillance cameras, you can put Alfred wherever you need to strengthen security. It works like a portable CCTV camera, so you don‚Äôt even need a security guard! After all, if anything like theft or breaking in happens, the video footage will be extremely helpful.SIMPLE SECURITY AT YOUR FINGERTIPSWith a crystal clear live camera stream, you'll always know exactly what's going on. Additionally, Alfred's motion sensor will send you an instant alert when it finds an intruder. You can scare the intruder away by immediately speaking through the Walkie-Talkie. You can use them as evidence to help identify the suspect.SMART, CONVENIENT, ECO-CONSCIOUSFirst time choosing a CCTV camera app or home security system? The best home surveillance camera app you can ever find: reliable, versatile, and easy to use. Alfred is an essential component of any home improvement or smart home project if you are interested in building a smart home or experimenting with Google Assistant.Everyone is taking advantage of their unused smartphones by turning them into video players, GPS navigators, or fitness devices. So why not use yours as a pet monitor/dog monitor, baby monitor/nanny cam, webcam, or IP cam?Alfred Premium, a subscription service, charges $5.99/month. The payment will be charged to your Google Play Account. The account will be automatically charged for renewal. You can manage your subscription and auto-renewal by going to Account Settings.Want to learn more about how to monitor your home? Please visit our official website https://reurl.cc/jvKWrMSome features of this app require Device Administrator permission.",53037667,USD,0,True,Alfred Systems Inc.,6938192309608563274,support@alfred.camera,https://alfred.camera/?utm_source=store&utm_medium=google_play&utm_campaign=developer_website,"13F, No.2, XinYi Rd. Sec.5, Taipei 110, Taiwan",HOUSE_AND_HOME,House & Home,Everyone,True,"Dec 17, 2012",House & Home,HOUSE_AND_HOME
com.google.samples.apps.cardboarddemo,Cardboard,"Cardboard puts virtual reality on your smartphone. The Cardboard app helps you launch your favorite VR experiences, discover new apps, and set up a viewer. To fully enjoy this app you'll need a Cardboard viewer. Learn more and get your own Cardboard viewer at http://g.co/cardboard. Share your experience through our Google+ community at http://g.co/cardboarddevs.By using this app you agree to be bound by our Google Terms of Service (Google ToS, http://www.google.com/accounts/TOS), Googles general Privacy Policy (http://www.google.com/intl/en/policies/privacy/), and the additional terms below. This app is a Service as defined in the Google ToS and the terms regarding software in our Services apply to your use of this app.Do not use this app while driving, walking, or otherwise by being distracted or disoriented from real world situations that prevent you from obeying traffic or safety laws.",38019883,USD,0,False,Google LLC,5700313618786177705,apps-help@google.com,http://developers.google.com/cardboard,"1600 Amphitheatre Parkway, Mountain View 94043",LIBRARIES_AND_DEMO,Libraries & Demo,Everyone,False,"Jun 25, 2014",Libraries & Demo,LIBRARIES_AND_DEMO
com.pinterest,Pinterest,"Pinterest is a place of endless possibilities. You can:- Discover everyday inspiration- Shop styles you love- Try and learn something newCreate boards, save Pins and make collages of all your inspiration. Unlock billions of ideas, from fashion tips  üë† and easy recipes üçú to DIY projects üõ†Ô∏è and fresh ways to redo your space. Creating the life you love?It's Possible.",1209620257,USD,0,False,Pinterest,Pinterest,help@pinterest.com,https://help.pinterest.com,,LIFESTYLE,Lifestyle,Teen,True,"Aug 14, 2012",Lifestyle,LIFESTYLE
com.samsung.android.oneconnect,SmartThings,"Quickly and easily connect and control your smart home devices through SmartThings.SmartThings is compatible with 100s of smart home brands. So, you can control all of your smart home gadgets in one place, including your Samsung Smart TV and smart home appliances.With SmartThings, you can connect, monitor and control multiple smart home devices quicker and easier. Connect your Samsung smart TVs, smart appliances, smart speakers and brands like Ring, Nest and Philips Hue - all from one app.Then control your smart devices using voice assistants including Alexa, Bixby and Google Assistant[Key Features]- Control and check in on your home from wherever you are- Build routines that are set on time, weather, and device status, so your home runs smoothly in the background- Allow shared control by giving access to other users- Receive status updates about your devices with automated notifications‚Äª SmartThings is optimized for Samsung smartphones. Some features may be limited when used with other vendors' smartphones.‚Äª Some features may not be available in all countries.‚Äª You can also install SmartThings on Wear OS-based watches.‚Äª SmartThings for Wear OS is only available when the watch is connected to a mobile phone. You can get a quick access to routine run and device control by adding SmartThings tile on your watch. We provide SmartThings complications that allow you to enter SmartThings app service directly from watchface.[App requirements]Some mobile devices may not be supported.- Memory size : 3GB over‚Äª App permissionsThe following permissions are required for the app. You can use the app without optional permissions, but some functions may be limited.[Optional access permissions]‚Ä¢ Location : Used to locate your devices, create routines based on your location, and scan for nearby devices using Wi-Fi ‚Ä¢ Nearby devices : (Android 12 ‚Üë) Used to scan for nearby devices using Bluetooth Low Energy (BLE)‚Ä¢ Notifications : (Android 13 ‚Üë) Used to provide notifications about SmartThings devices and features‚Ä¢ Camera : Used to scan QR codes so you can easily add members and devices to SmartThings‚Ä¢ Microphone : Used to add certain devices to SmartThings using high-frequency sounds‚Ä¢ Storage : (Android 10~11) Used to save data and share content‚Ä¢ Files and media : (Android 12) Used to save data and share content‚Ä¢ Photos and videos : (Android 13 ‚Üë) Used to play photos and videos on SmartThings devices‚Ä¢ Music and audio : (Android 13 ‚Üë) Used to play sound and video on SmartThings devices‚Ä¢ Phone : (Android 10 ‚Üë) Used to make calls on smart speakers‚Ä¢ Contacts : (Android 10 ‚Üë) Used to get phone numbers of your contacts to send text message notifications‚Ä¢ Physical activity : (Android 10 ‚Üë) Used to detect when you start pet walks",1034998795,USD,0,False,"Samsung Electronics Co.,  Ltd.",5200379633052405703,noreply.sec@samsung.com,https://help.content.samsung.com,"129, Samsung-ro, Yeongtong-gu, Suwon-si, Gyeonggi-do, 16677, Rep. of KOREA",LIFESTYLE,Lifestyle,Everyone,False,"Apr 17, 2017",Lifestyle,LIFESTYLE
com.tinder,Tinder Dating App: Chat & Date,"<b>MATCH, CHAT & DATE. IT STARTS WITH A SWIPE‚Ñ¢.</b>With 97+ billion matches to date, Tinder¬Æ is the top free dating app and the best place to meet new people, with leading safety features to date more safely. Looking for love? A relationship? Trying to find a date or make new friends? Connect with people globally on Tinder and enhance your dating experience:Come As You Are: Whether you're straight, gay, bisexual, or anything in between, you can be who you are and find who you want.Date Beyond Photos: Share interests and discover more about your matches to start conversations.Seek What You‚Äôre Looking For: Set relationship goals and date on your terms.<b>HOW TINDER WORKS</b>Finding new people and dating on Tinder¬Æ can be easy and fun. Make your personality shine in your profile to stand out. Answer prompts, share about yourself, and show your face in pics to increase match potential. Use Swipe Right‚Ñ¢ feature to Like and Swipe Left‚Ñ¢ feature to Nope. If they Like you back, It‚Äôs a Match! Our double opt-in feature ensures mutual interest for every match.<b>PUT SAFETY FIRST</b>Try our safety features for safer dating: - Share My Date: Inform friends and family about your date plans ‚Äî who you‚Äôll meet up with and where- Get Photo Verified: Verify your photos to confirm it‚Äôs really you in that cute pic and increase your matching chances- Are You Sure / Does This Bother You: Detects inappropriate language to keep messages respectful- Report a Profile: Quickly report / block suspicious or inappropriate profiles- Block Contacts: Take control and block anyone (like an ex) you don‚Äôt want to see on this dating app- Video Chat: Hitting it off in chat? Test your online dating chemistry and meet new people from home!<b>TRY TINDER PLUS</b>- Unlimited Likes: Catch feelings for as many new dates as you want- Passport Mode‚Ñ¢: Match and chat with locals anywhere in the world before you arrive- Unlimited Rewinds: Undo your last Like or Nope to control your dating choices- Go Incognito: Be seen only by the people you Like<b>EXPERIENCE TINDER GOLD</b>- Get everything in Tinder Plus‚Ñ¢ - Try for a week before committing to a monthly subscription ‚Äî ideal for dating and meeting new people- See who Likes You to match instantly for quicker connections, making dating more exciting- Monthly Boost puts your profile at the top for 30 minutes to increase profile views- Weekly Super Likes, because sometimes you really, really Like someone<b>UPGRADE TO TINDER PLATINUM</b>Get most of Tinder‚Äôs premium features: Join Tinder Platinum‚Ñ¢ to prioritize your Likes with potential matches, send a compliment before matching, and more dating perks.So what are you waiting for? Tinder offers safety dating features to meet new people and make friends confidently. Join millions of people worldwide to increase your chances of finding exactly what you're looking for. Download our free dating app today!---------------If you choose to purchase Tinder Plus¬Æ, Tinder Gold‚Ñ¢ or Tinder Platinum‚Ñ¢ payment will be charged to your Google Play account, and your account will be charged for renewal within 24-hours prior to the end of the current period. Auto-renewal may be turned off at any time by going to your settings in the Google Play Store after purchase. No cancellation of the current subscription is allowed during the active subscription period. If you don‚Äôt choose to purchase Tinder Plus¬Æ, Tinder Gold‚Ñ¢ or Tinder Platinum‚Ñ¢, you can simply continue using Tinder for free.All photos are of models and used for illustrative purposes only.Privacy: https://www.gotinder.com/privacyTerms: https://www.gotinder.com/termsVisit: https://www.tinderlove.com/",436530172,USD,0,True,Tinder LLC,8070166968320699506,help@gotinder.com,https://tinder.com,"Tinder LLC8833 W. Sunset Blvd.West Hollywood, CA 90069",DATING,Dating,Mature 17+,True,"Jul 15, 2013",Dating,DATING
com.samsung.android.spay,Samsung Wallet (Samsung Pay),"<b>Samsung Pay got even better. Meet Samsung Wallet!</b> Samsung Pay is now part of Samsung Wallet. With Wallet, you get the features and benefits of Samsung Pay, plus Samsung Pass, digital home and car keys, digital asset management, and more. All this comes in a simplified in-app experience, so you‚Äôll get more and find it with ease. Just swipe up to launch Samsung Wallet with Quick Access.<b>Payment Transactions</b>Carry your popular credit, debit, gift and membership cards on your phone. To check out, just tap, pay, and go. Get additional savings at top merchants with Cash Back Awards.<b>Digital Keys</b>Add your eligible keys to Samsung Wallet so that you have a spare set right in your phone. Unlock your home, your car, and even start your car remotely.<b>Digital Asset Management</b>Check your crypto balances and the current crypto currency prices through our linked exchange partners.<b>Boarding Pass</b>Add your boarding pass from select airlines to Samsung Wallet and quickly access it with just a swipe.*You may be prompted for additional updates to complete Samsung Wallet setup on your device.*Samsung Wallet is compatible with select Samsung devices. Availability of features may vary by device model, carrier, firmware version and country/region.*Screens are simulated; deals featured are for illustrative use only.*Only compatible with select Visa, Mastercard, American Express, and Discover cards from participating banks and qualifying Samsung devices. Check with your bank/issuer to ensure that your card is compatible; and check the Samsung Pay Support page for additional compatibility information regarding devices, carriers and cards.*The functions, features, and compatible applications available with Samsung Pass may vary according to the partner‚Äôs policy. The data stored inside the Samsung Pass app is safeguarded by Samsung Knox to prevent any leakage of valuable information.*Digital keys are available for select SmartThings-compatible smart door locks and automobiles including BMW 1-8 Series, X5-X7,and iX models, launched after July, 2020, Kia Niro, and Hyundai Palisade, Genesis GV60, and G90. Exact feature availability may vary by model and is subject to change.*Digital asset management for supported exchanges only.*Timing and availability of features and services described may vary by model and are subject to change.",349764551,USD,0,False,"Samsung Electronics Co.,  Ltd.",5200379633052405703,noreply.sec@samsung.com,http://www.samsung.com/samsungpay,"129, Samsung-ro, Yeongtong-gu, Suwon-si, Gyeonggi-do, 16677, Rep. of KOREA",LIFESTYLE,Lifestyle,Everyone,False,"Oct 17, 2015",Lifestyle,LIFESTYLE
com.google.android.apps.chromecast.app,Google Home,"Create a more organized and personalized smart home with Google Home. Set up, manage, and control your Google Nest, Wifi, and Chromecast devices, plus thousands of compatible smart home products like lights, cameras, thermostats, and more ‚Äì all from the Google Home app. Personalize your home view.Pin your most-used devices, automations, and actions to the Favorites tab for easy access right when you open the app. View your Nest cameras and doorbell live feeds, and easily scan through event history. Set up and manage Routines in the Automations tab. And quickly edit any permissions in the consolidated Settings tab.Understand what‚Äôs going on at home with a glance.The Google Home app is designed to show you the status of your home and keep you up to date with what you may have missed. Check in on your home anytime and see a recap of recent events.Control your home from anywhere.Google Home for Wear OS allows you to control compatible smart home devices from your watch. Turn on the lights, adjust the thermostat, or get an alert when there‚Äôs a person or package at your front door. Use the favorites tile or add a device to your watch face to make managing your home as easy as a tap on the wrist.A helpful home is a private home.Protecting your privacy starts with one of the world‚Äôs most advanced security infrastructures, which we build directly into Google products so they‚Äôre secure by default. And Google uses your compatible devices and data to make your home helpful, but only in the ways you allow. Visit the Google Nest Safety Center at safety.google/nest to learn more about how we protect your information and respect your privacy.* Some products and features may not be available in all regions. Compatible devices required.",991055043,USD,0,False,Google LLC,5700313618786177705,apps-help@google.com,http://cast.google.com/chromecast/,"1600 Amphitheatre Parkway, Mountain View 94043",LIFESTYLE,Lifestyle,Everyone,False,"Jul 18, 2013",Lifestyle,LIFESTYLE
